"Date","Season","corrected_Year","icevector","julianDOY","Days_since_1Dec"
2015-11-08,"Fall",2015,NA,NA,NA
2015-11-09,"Fall",2015,NA,NA,NA
2015-11-10,"Fall",2015,NA,NA,NA
2015-11-11,"Fall",2015,NA,NA,NA
2015-11-12,"Fall",2015,NA,NA,NA
2015-11-13,"Fall",2015,NA,NA,NA
2015-11-14,"Fall",2015,NA,NA,NA
2015-11-15,"Fall",2015,NA,NA,NA
2015-11-16,"Fall",2015,NA,NA,NA
2015-11-17,"Fall",2015,NA,NA,NA
2015-11-18,"Fall",2015,NA,NA,NA
2015-11-19,"Fall",2015,NA,NA,NA
2015-11-20,"Fall",2015,NA,NA,NA
2015-11-21,"Fall",2015,NA,NA,NA
2015-11-22,"Fall",2015,NA,NA,NA
2015-11-23,"Fall",2015,NA,NA,NA
2015-11-24,"Fall",2015,NA,NA,NA
2015-11-25,"Fall",2015,NA,NA,NA
2015-11-26,"Fall",2015,NA,NA,NA
2015-11-27,"Fall",2015,NA,NA,NA
2015-11-28,"Fall",2015,NA,NA,NA
2015-11-29,"Fall",2015,NA,NA,NA
2015-11-30,"Fall",2015,NA,NA,NA
2015-12-01,"Fall",2015,0,"335",0
2015-12-02,"Fall",2015,0,"336",1
2015-12-03,"Fall",2015,0,"337",2
2015-12-04,"Fall",2015,0,"338",3
2015-12-05,"Fall",2015,0,"339",4
2015-12-06,"Fall",2015,0,"340",5
2015-12-07,"Fall",2015,0,"341",6
2015-12-08,"Fall",2015,0,"342",7
2015-12-09,"Fall",2015,0,"343",8
2015-12-10,"Fall",2015,0,"344",9
2015-12-11,"Fall",2015,0,"345",10
2015-12-12,"Fall",2015,0,"346",11
2015-12-13,"Fall",2015,0,"347",12
2015-12-14,"Fall",2015,0,"348",13
2015-12-15,"Fall",2015,0,"349",14
2015-12-16,"Fall",2015,0,"350",15
2015-12-17,"Fall",2015,0,"351",16
2015-12-18,"Fall",2015,0,"352",17
2015-12-19,"Fall",2015,0,"353",18
2015-12-20,"Winter",2016,0,"354",19
2015-12-21,"Winter",2016,0,"355",20
2015-12-22,"Winter",2016,0,"356",21
2015-12-23,"Winter",2016,0,"357",22
2015-12-24,"Winter",2016,0,"358",23
2015-12-25,"Winter",2016,0,"359",24
2015-12-26,"Winter",2016,0,"360",25
2015-12-27,"Winter",2016,0,"361",26
2015-12-28,"Winter",2016,0,"362",27
2015-12-29,"Winter",2016,0,"363",28
2015-12-30,"Winter",2016,0,"364",29
2015-12-31,"Winter",2016,0,"365",30
2016-01-01,"Winter",2016,0,"001",31
2016-01-02,"Winter",2016,0,"002",32
2016-01-03,"Winter",2016,0,"003",33
2016-01-04,"Winter",2016,0,"004",34
2016-01-05,"Winter",2016,0,"005",35
2016-01-06,"Winter",2016,0,"006",36
2016-01-07,"Winter",2016,0,"007",37
2016-01-08,"Winter",2016,0,"008",38
2016-01-09,"Winter",2016,0,"009",39
2016-01-10,"Winter",2016,0,"010",40
2016-01-11,"Winter",2016,0,"011",41
2016-01-12,"Winter",2016,0,"012",42
2016-01-13,"Winter",2016,0,"013",43
2016-01-14,"Winter",2016,0,"014",44
2016-01-15,"Winter",2016,0,"015",45
2016-01-16,"Winter",2016,0,"016",46
2016-01-17,"Winter",2016,0,"017",47
2016-01-18,"Winter",2016,0,"018",48
2016-01-19,"Winter",2016,0,"019",49
2016-01-20,"Winter",2016,0,"020",50
2016-01-21,"Winter",2016,1,"021",51
2016-01-22,"Winter",2016,1,"022",52
2016-01-23,"Winter",2016,1,"023",53
2016-01-24,"Winter",2016,1,"024",54
2016-01-25,"Winter",2016,1,"025",55
2016-01-26,"Winter",2016,1,"026",56
2016-01-27,"Winter",2016,1,"027",57
2016-01-28,"Winter",2016,1,"028",58
2016-01-29,"Winter",2016,1,"029",59
2016-01-30,"Winter",2016,1,"030",60
2016-01-31,"Winter",2016,1,"031",61
2016-02-01,"Winter",2016,1,"032",62
2016-02-02,"Winter",2016,1,"033",63
2016-02-03,"Winter",2016,1,"034",64
2016-02-04,"Winter",2016,1,"035",65
2016-02-05,"Winter",2016,1,"036",66
2016-02-06,"Winter",2016,1,"037",67
2016-02-07,"Winter",2016,1,"038",68
2016-02-08,"Winter",2016,1,"039",69
2016-02-09,"Winter",2016,1,"040",70
2016-02-10,"Winter",2016,1,"041",71
2016-02-11,"Winter",2016,1,"042",72
2016-02-12,"Winter",2016,1,"043",73
2016-02-13,"Winter",2016,1,"044",74
2016-02-14,"Winter",2016,1,"045",75
2016-02-15,"Winter",2016,1,"046",76
2016-02-16,"Winter",2016,1,"047",77
2016-02-17,"Winter",2016,1,"048",78
2016-02-18,"Winter",2016,1,"049",79
2016-02-19,"Winter",2016,1,"050",80
2016-02-20,"Winter",2016,1,"051",81
2016-02-21,"Winter",2016,1,"052",82
2016-02-22,"Winter",2016,0,"053",83
2016-02-23,"Spring",2016,0,"054",84
2016-02-24,"Spring",2016,0,"055",85
2016-02-25,"Spring",2016,0,"056",86
2016-02-26,"Spring",2016,0,"057",87
2016-02-27,"Spring",2016,0,"058",88
2016-02-28,"Spring",2016,0,"059",89
2016-02-29,"Spring",2016,0,"060",90
2016-03-01,"Spring",2016,0,"061",91
2016-03-02,"Spring",2016,0,"062",92
2016-03-03,"Spring",2016,0,"063",93
2016-03-04,"Spring",2016,0,"064",94
2016-03-05,"Spring",2016,0,"065",95
2016-03-06,"Spring",2016,0,"066",96
2016-03-07,"Spring",2016,0,"067",97
2016-03-08,"Spring",2016,0,"068",98
2016-03-09,"Summer",2016,0,"069",99
2016-03-10,"Summer",2016,0,"070",100
2016-03-11,"Summer",2016,0,"071",101
2016-03-12,"Summer",2016,0,"072",102
2016-03-13,"Summer",2016,0,"073",103
2016-03-14,"Summer",2016,0,"074",104
2016-03-15,"Summer",2016,0,"075",105
2016-03-16,"Summer",2016,0,"076",106
2016-03-17,"Summer",2016,0,"077",107
2016-03-18,"Summer",2016,0,"078",108
2016-03-19,"Summer",2016,0,"079",109
2016-03-20,"Summer",2016,0,"080",110
2016-03-21,"Summer",2016,0,"081",111
2016-03-22,"Summer",2016,0,"082",112
2016-03-23,"Summer",2016,0,"083",113
2016-03-24,"Summer",2016,0,"084",114
2016-03-25,"Summer",2016,0,"085",115
2016-03-26,"Summer",2016,0,"086",116
2016-03-27,"Summer",2016,0,"087",117
2016-03-28,"Summer",2016,0,"088",118
2016-03-29,"Summer",2016,0,"089",119
2016-03-30,"Summer",2016,0,"090",120
2016-03-31,"Summer",2016,0,"091",121
2016-04-01,"Summer",2016,NA,NA,NA
2016-04-02,"Summer",2016,NA,NA,NA
2016-04-03,"Summer",2016,NA,NA,NA
2016-04-04,"Summer",2016,NA,NA,NA
2016-04-05,"Summer",2016,NA,NA,NA
2016-04-06,"Summer",2016,NA,NA,NA
2016-04-07,"Summer",2016,NA,NA,NA
2016-04-08,"Summer",2016,NA,NA,NA
2016-04-09,"Summer",2016,NA,NA,NA
2016-04-10,"Summer",2016,NA,NA,NA
2016-04-11,"Summer",2016,NA,NA,NA
2016-04-12,"Summer",2016,NA,NA,NA
2016-04-13,"Summer",2016,NA,NA,NA
2016-04-14,"Summer",2016,NA,NA,NA
2016-04-15,"Summer",2016,NA,NA,NA
2016-04-16,"Summer",2016,NA,NA,NA
2016-04-17,"Summer",2016,NA,NA,NA
2016-04-18,"Summer",2016,NA,NA,NA
2016-04-19,"Summer",2016,NA,NA,NA
2016-04-20,"Summer",2016,NA,NA,NA
2016-04-21,"Summer",2016,NA,NA,NA
2016-04-22,"Summer",2016,NA,NA,NA
2016-04-23,"Summer",2016,NA,NA,NA
2016-04-24,"Summer",2016,NA,NA,NA
2016-04-25,"Summer",2016,NA,NA,NA
2016-04-26,"Summer",2016,NA,NA,NA
2016-04-27,"Summer",2016,NA,NA,NA
2016-04-28,"Summer",2016,NA,NA,NA
2016-04-29,"Summer",2016,NA,NA,NA
2016-04-30,"Summer",2016,NA,NA,NA
2016-05-01,"Summer",2016,NA,NA,NA
2016-05-02,"Summer",2016,NA,NA,NA
2016-05-03,"Summer",2016,NA,NA,NA
2016-05-04,"Summer",2016,NA,NA,NA
2016-05-05,"Summer",2016,NA,NA,NA
2016-05-06,"Summer",2016,NA,NA,NA
2016-05-07,"Summer",2016,NA,NA,NA
2016-05-08,"Summer",2016,NA,NA,NA
2016-05-09,"Summer",2016,NA,NA,NA
2016-05-10,"Summer",2016,NA,NA,NA
2016-05-11,"Summer",2016,NA,NA,NA
2016-05-12,"Summer",2016,NA,NA,NA
2016-05-13,"Summer",2016,NA,NA,NA
2016-05-14,"Summer",2016,NA,NA,NA
2016-05-15,"Summer",2016,NA,NA,NA
2016-05-16,"Summer",2016,NA,NA,NA
2016-05-17,"Summer",2016,NA,NA,NA
2016-05-18,"Summer",2016,NA,NA,NA
2016-05-19,"Summer",2016,NA,NA,NA
2016-05-20,"Summer",2016,NA,NA,NA
2016-05-21,"Summer",2016,NA,NA,NA
2016-05-22,"Summer",2016,NA,NA,NA
2016-05-23,"Summer",2016,NA,NA,NA
2016-05-24,"Summer",2016,NA,NA,NA
2016-05-25,"Summer",2016,NA,NA,NA
2016-05-26,"Summer",2016,NA,NA,NA
2016-05-27,"Summer",2016,NA,NA,NA
2016-05-28,"Summer",2016,NA,NA,NA
2016-05-29,"Summer",2016,NA,NA,NA
2016-05-30,"Summer",2016,NA,NA,NA
2016-05-31,"Summer",2016,NA,NA,NA
2016-06-01,"Summer",2016,NA,NA,NA
2016-06-02,"Summer",2016,NA,NA,NA
2016-06-03,"Summer",2016,NA,NA,NA
2016-06-04,"Summer",2016,NA,NA,NA
2016-06-05,"Summer",2016,NA,NA,NA
2016-06-06,"Summer",2016,NA,NA,NA
2016-06-07,"Summer",2016,NA,NA,NA
2016-06-08,"Summer",2016,NA,NA,NA
2016-06-09,"Summer",2016,NA,NA,NA
2016-06-10,"Summer",2016,NA,NA,NA
2016-06-11,"Summer",2016,NA,NA,NA
2016-06-12,"Summer",2016,NA,NA,NA
2016-06-13,"Summer",2016,NA,NA,NA
2016-06-14,"Summer",2016,NA,NA,NA
2016-06-15,"Summer",2016,NA,NA,NA
2016-06-16,"Summer",2016,NA,NA,NA
2016-06-17,"Summer",2016,NA,NA,NA
2016-06-18,"Summer",2016,NA,NA,NA
2016-06-19,"Summer",2016,NA,NA,NA
2016-06-20,"Summer",2016,NA,NA,NA
2016-06-21,"Summer",2016,NA,NA,NA
2016-06-22,"Summer",2016,NA,NA,NA
2016-06-23,"Summer",2016,NA,NA,NA
2016-06-24,"Summer",2016,NA,NA,NA
2016-06-25,"Summer",2016,NA,NA,NA
2016-06-26,"Summer",2016,NA,NA,NA
2016-06-27,"Summer",2016,NA,NA,NA
2016-06-28,"Summer",2016,NA,NA,NA
2016-06-29,"Summer",2016,NA,NA,NA
2016-06-30,"Summer",2016,NA,NA,NA
2016-07-01,"Summer",2016,NA,NA,NA
2016-07-02,"Summer",2016,NA,NA,NA
2016-07-03,"Summer",2016,NA,NA,NA
2016-07-04,"Summer",2016,NA,NA,NA
2016-07-05,"Summer",2016,NA,NA,NA
2016-07-06,"Summer",2016,NA,NA,NA
2016-07-07,"Summer",2016,NA,NA,NA
2016-07-08,"Summer",2016,NA,NA,NA
2016-07-09,"Summer",2016,NA,NA,NA
2016-07-10,"Summer",2016,NA,NA,NA
2016-07-11,"Summer",2016,NA,NA,NA
2016-07-12,"Summer",2016,NA,NA,NA
2016-07-13,"Summer",2016,NA,NA,NA
2016-07-14,"Summer",2016,NA,NA,NA
2016-07-15,"Summer",2016,NA,NA,NA
2016-07-16,"Summer",2016,NA,NA,NA
2016-07-17,"Summer",2016,NA,NA,NA
2016-07-18,"Summer",2016,NA,NA,NA
2016-07-19,"Summer",2016,NA,NA,NA
2016-07-20,"Summer",2016,NA,NA,NA
2016-07-21,"Summer",2016,NA,NA,NA
2016-07-22,"Summer",2016,NA,NA,NA
2016-07-23,"Summer",2016,NA,NA,NA
2016-07-24,"Summer",2016,NA,NA,NA
2016-07-25,"Summer",2016,NA,NA,NA
2016-07-26,"Summer",2016,NA,NA,NA
2016-07-27,"Summer",2016,NA,NA,NA
2016-07-28,"Summer",2016,NA,NA,NA
2016-07-29,"Summer",2016,NA,NA,NA
2016-07-30,"Summer",2016,NA,NA,NA
2016-07-31,"Summer",2016,NA,NA,NA
2016-08-01,"Summer",2016,NA,NA,NA
2016-08-02,"Summer",2016,NA,NA,NA
2016-08-03,"Summer",2016,NA,NA,NA
2016-08-04,"Summer",2016,NA,NA,NA
2016-08-05,"Summer",2016,NA,NA,NA
2016-08-06,"Summer",2016,NA,NA,NA
2016-08-07,"Summer",2016,NA,NA,NA
2016-08-08,"Summer",2016,NA,NA,NA
2016-08-09,"Summer",2016,NA,NA,NA
2016-08-10,"Summer",2016,NA,NA,NA
2016-08-11,"Summer",2016,NA,NA,NA
2016-08-12,"Summer",2016,NA,NA,NA
2016-08-13,"Summer",2016,NA,NA,NA
2016-08-14,"Summer",2016,NA,NA,NA
2016-08-15,"Summer",2016,NA,NA,NA
2016-08-16,"Summer",2016,NA,NA,NA
2016-08-17,"Summer",2016,NA,NA,NA
2016-08-18,"Summer",2016,NA,NA,NA
2016-08-19,"Summer",2016,NA,NA,NA
2016-08-20,"Summer",2016,NA,NA,NA
2016-08-21,"Summer",2016,NA,NA,NA
2016-08-22,"Summer",2016,NA,NA,NA
2016-08-23,"Summer",2016,NA,NA,NA
2016-08-24,"Summer",2016,NA,NA,NA
2016-08-25,"Summer",2016,NA,NA,NA
2016-08-26,"Summer",2016,NA,NA,NA
2016-08-27,"Summer",2016,NA,NA,NA
2016-08-28,"Summer",2016,NA,NA,NA
2016-08-29,"Summer",2016,NA,NA,NA
2016-08-30,"Summer",2016,NA,NA,NA
2016-08-31,"Summer",2016,NA,NA,NA
2016-09-01,"Summer",2016,NA,NA,NA
2016-09-02,"Summer",2016,NA,NA,NA
2016-09-03,"Summer",2016,NA,NA,NA
2016-09-04,"Summer",2016,NA,NA,NA
2016-09-05,"Summer",2016,NA,NA,NA
2016-09-06,"Summer",2016,NA,NA,NA
2016-09-07,"Summer",2016,NA,NA,NA
2016-09-08,"Summer",2016,NA,NA,NA
2016-09-09,"Summer",2016,NA,NA,NA
2016-09-10,"Summer",2016,NA,NA,NA
2016-09-11,"Summer",2016,NA,NA,NA
2016-09-12,"Summer",2016,NA,NA,NA
2016-09-13,"Summer",2016,NA,NA,NA
2016-09-14,"Summer",2016,NA,NA,NA
2016-09-15,"Summer",2016,NA,NA,NA
2016-09-16,"Summer",2016,NA,NA,NA
2016-09-17,"Summer",2016,NA,NA,NA
2016-09-18,"Summer",2016,NA,NA,NA
2016-09-19,"Summer",2016,NA,NA,NA
2016-09-20,"Summer",2016,NA,NA,NA
2016-09-21,"Summer",2016,NA,NA,NA
2016-09-22,"Summer",2016,NA,NA,NA
2016-09-23,"Summer",2016,NA,NA,NA
2016-09-24,"Summer",2016,NA,NA,NA
2016-09-25,"Summer",2016,NA,NA,NA
2016-09-26,"Summer",2016,NA,NA,NA
2016-09-27,"Summer",2016,NA,NA,NA
2016-09-28,"Summer",2016,NA,NA,NA
2016-09-29,"Summer",2016,NA,NA,NA
2016-09-30,"Summer",2016,NA,NA,NA
2016-10-01,"Summer",2016,NA,NA,NA
2016-10-02,"Summer",2016,NA,NA,NA
2016-10-03,"Summer",2016,NA,NA,NA
2016-10-04,"Summer",2016,NA,NA,NA
2016-10-05,"Summer",2016,NA,NA,NA
2016-10-06,"Summer",2016,NA,NA,NA
2016-10-07,"Summer",2016,NA,NA,NA
2016-10-08,"Summer",2016,NA,NA,NA
2016-10-09,"Summer",2016,NA,NA,NA
2016-10-10,"Summer",2016,NA,NA,NA
2016-10-11,"Summer",2016,NA,NA,NA
2016-10-12,"Summer",2016,NA,NA,NA
2016-10-13,"Summer",2016,NA,NA,NA
2016-10-14,"Fall",2016,NA,NA,NA
2016-10-15,"Fall",2016,NA,NA,NA
2016-10-16,"Fall",2016,NA,NA,NA
2016-10-17,"Fall",2016,NA,NA,NA
2016-10-18,"Fall",2016,NA,NA,NA
2016-10-19,"Fall",2016,NA,NA,NA
2016-10-20,"Fall",2016,NA,NA,NA
2016-10-21,"Fall",2016,NA,NA,NA
2016-10-22,"Fall",2016,NA,NA,NA
2016-10-23,"Fall",2016,NA,NA,NA
2016-10-24,"Fall",2016,NA,NA,NA
2016-10-25,"Fall",2016,NA,NA,NA
2016-10-26,"Fall",2016,NA,NA,NA
2016-10-27,"Fall",2016,NA,NA,NA
2016-10-28,"Fall",2016,NA,NA,NA
2016-10-29,"Fall",2016,NA,NA,NA
2016-10-30,"Fall",2016,NA,NA,NA
2016-10-31,"Fall",2016,NA,NA,NA
2016-11-01,"Fall",2016,NA,NA,NA
2016-11-02,"Fall",2016,NA,NA,NA
2016-11-03,"Fall",2016,NA,NA,NA
2016-11-04,"Fall",2016,NA,NA,NA
2016-11-05,"Fall",2016,NA,NA,NA
2016-11-06,"Fall",2016,NA,NA,NA
2016-11-07,"Fall",2016,NA,NA,NA
2016-11-08,"Fall",2016,NA,NA,NA
2016-11-09,"Fall",2016,NA,NA,NA
2016-11-10,"Fall",2016,NA,NA,NA
2016-11-11,"Fall",2016,NA,NA,NA
2016-11-12,"Fall",2016,NA,NA,NA
2016-11-13,"Fall",2016,NA,NA,NA
2016-11-14,"Fall",2016,NA,NA,NA
2016-11-15,"Fall",2016,NA,NA,NA
2016-11-16,"Fall",2016,NA,NA,NA
2016-11-17,"Fall",2016,NA,NA,NA
2016-11-18,"Fall",2016,NA,NA,NA
2016-11-19,"Fall",2016,NA,NA,NA
2016-11-20,"Fall",2016,NA,NA,NA
2016-11-21,"Fall",2016,NA,NA,NA
2016-11-22,"Fall",2016,NA,NA,NA
2016-11-23,"Fall",2016,NA,NA,NA
2016-11-24,"Fall",2016,NA,NA,NA
2016-11-25,"Fall",2016,NA,NA,NA
2016-11-26,"Fall",2016,NA,NA,NA
2016-11-27,"Fall",2016,NA,NA,NA
2016-11-28,"Fall",2016,NA,NA,NA
2016-11-29,"Fall",2016,NA,NA,NA
2016-11-30,"Fall",2016,NA,NA,NA
2016-12-01,"Fall",2016,0,"336",0
2016-12-02,"Fall",2016,0,"337",1
2016-12-03,"Fall",2016,0,"338",2
2016-12-04,"Fall",2016,0,"339",3
2016-12-05,"Fall",2016,0,"340",4
2016-12-06,"Fall",2016,0,"341",5
2016-12-07,"Fall",2016,0,"342",6
2016-12-08,"Fall",2016,0,"343",7
2016-12-09,"Fall",2016,0,"344",8
2016-12-10,"Fall",2016,0,"345",9
2016-12-11,"Fall",2016,0,"346",10
2016-12-12,"Fall",2016,0,"347",11
2016-12-13,"Fall",2016,0,"348",12
2016-12-14,"Fall",2016,0,"349",13
2016-12-15,"Fall",2016,0,"350",14
2016-12-16,"Fall",2016,0,"351",15
2016-12-17,"Fall",2016,0,"352",16
2016-12-18,"Fall",2016,0,"353",17
2016-12-19,"Fall",2016,0,"354",18
2016-12-20,"Winter",2017,1,"355",19
2016-12-21,"Winter",2017,0,"356",20
2016-12-22,"Winter",2017,0,"357",21
2016-12-23,"Winter",2017,0,"358",22
2016-12-24,"Winter",2017,0,"359",23
2016-12-25,"Winter",2017,0,"360",24
2016-12-26,"Winter",2017,0,"361",25
2016-12-27,"Winter",2017,0,"362",26
2016-12-28,"Winter",2017,0,"363",27
2016-12-29,"Winter",2017,0,"364",28
2016-12-30,"Winter",2017,0,"365",29
2016-12-31,"Winter",2017,0,"366",30
2017-01-01,"Winter",2017,0,"001",31
2017-01-02,"Winter",2017,0,"002",32
2017-01-03,"Winter",2017,0,"003",33
2017-01-04,"Winter",2017,0,"004",34
2017-01-05,"Winter",2017,0,"005",35
2017-01-06,"Winter",2017,0,"006",36
2017-01-07,"Winter",2017,0,"007",37
2017-01-08,"Winter",2017,1,"008",38
2017-01-09,"Winter",2017,0,"009",39
2017-01-10,"Winter",2017,0,"010",40
2017-01-11,"Winter",2017,0,"011",41
2017-01-12,"Winter",2017,0,"012",42
2017-01-13,"Winter",2017,1,"013",43
2017-01-14,"Winter",2017,0,"014",44
2017-01-15,"Winter",2017,0,"015",45
2017-01-16,"Winter",2017,0,"016",46
2017-01-17,"Winter",2017,0,"017",47
2017-01-18,"Winter",2017,0,"018",48
2017-01-19,"Winter",2017,0,"019",49
2017-01-20,"Winter",2017,0,"020",50
2017-01-21,"Winter",2017,0,"021",51
2017-01-22,"Winter",2017,0,"022",52
2017-01-23,"Winter",2017,0,"023",53
2017-01-24,"Winter",2017,0,"024",54
2017-01-25,"Winter",2017,0,"025",55
2017-01-26,"Winter",2017,0,"026",56
2017-01-27,"Winter",2017,0,"027",57
2017-01-28,"Winter",2017,0,"028",58
2017-01-29,"Winter",2017,0,"029",59
2017-01-30,"Winter",2017,0,"030",60
2017-01-31,"Winter",2017,0,"031",61
2017-02-01,"Winter",2017,0,"032",62
2017-02-02,"Winter",2017,0,"033",63
2017-02-03,"Winter",2017,0,"034",64
2017-02-04,"Winter",2017,0,"035",65
2017-02-05,"Winter",2017,0,"036",66
2017-02-06,"Winter",2017,0,"037",67
2017-02-07,"Winter",2017,0,"038",68
2017-02-08,"Winter",2017,0,"039",69
2017-02-09,"Winter",2017,0,"040",70
2017-02-10,"Winter",2017,0,"041",71
2017-02-11,"Winter",2017,0,"042",72
2017-02-12,"Winter",2017,0,"043",73
2017-02-13,"Winter",2017,0,"044",74
2017-02-14,"Winter",2017,0,"045",75
2017-02-15,"Winter",2017,0,"046",76
2017-02-16,"Winter",2017,0,"047",77
2017-02-17,"Winter",2017,0,"048",78
2017-02-18,"Winter",2017,0,"049",79
2017-02-19,"Winter",2017,0,"050",80
2017-02-20,"Winter",2017,0,"051",81
2017-02-21,"Winter",2017,0,"052",82
2017-02-22,"Winter",2017,0,"053",83
2017-02-23,"Spring",2017,0,"054",84
2017-02-24,"Spring",2017,0,"055",85
2017-02-25,"Spring",2017,0,"056",86
2017-02-26,"Spring",2017,0,"057",87
2017-02-27,"Spring",2017,0,"058",88
2017-02-28,"Spring",2017,0,"059",89
2017-03-01,"Spring",2017,0,"060",90
2017-03-02,"Spring",2017,0,"061",91
2017-03-03,"Spring",2017,0,"062",92
2017-03-04,"Spring",2017,0,"063",93
2017-03-05,"Spring",2017,0,"064",94
2017-03-06,"Spring",2017,0,"065",95
2017-03-07,"Spring",2017,0,"066",96
2017-03-08,"Spring",2017,0,"067",97
2017-03-09,"Spring",2017,0,"068",98
2017-03-10,"Spring",2017,0,"069",99
2017-03-11,"Spring",2017,0,"070",100
2017-03-12,"Spring",2017,0,"071",101
2017-03-13,"Spring",2017,0,"072",102
2017-03-14,"Spring",2017,0,"073",103
2017-03-15,"Spring",2017,0,"074",104
2017-03-16,"Spring",2017,0,"075",105
2017-03-17,"Spring",2017,0,"076",106
2017-03-18,"Spring",2017,0,"077",107
2017-03-19,"Spring",2017,0,"078",108
2017-03-20,"Spring",2017,0,"079",109
2017-03-21,"Spring",2017,0,"080",110
2017-03-22,"Spring",2017,0,"081",111
2017-03-23,"Spring",2017,0,"082",112
2017-03-24,"Spring",2017,0,"083",113
2017-03-25,"Summer",2017,0,"084",114
2017-03-26,"Summer",2017,0,"085",115
2017-03-27,"Summer",2017,0,"086",116
2017-03-28,"Summer",2017,0,"087",117
2017-03-29,"Summer",2017,0,"088",118
2017-03-30,"Summer",2017,0,"089",119
2017-03-31,"Summer",2017,0,"090",120
2017-04-01,"Summer",2017,NA,NA,NA
2017-04-02,"Summer",2017,NA,NA,NA
2017-04-03,"Summer",2017,NA,NA,NA
2017-04-04,"Summer",2017,NA,NA,NA
2017-04-05,"Summer",2017,NA,NA,NA
2017-04-06,"Summer",2017,NA,NA,NA
2017-04-07,"Summer",2017,NA,NA,NA
2017-04-08,"Summer",2017,NA,NA,NA
2017-04-09,"Summer",2017,NA,NA,NA
2017-04-10,"Summer",2017,NA,NA,NA
2017-04-11,"Summer",2017,NA,NA,NA
2017-04-12,"Summer",2017,NA,NA,NA
2017-04-13,"Summer",2017,NA,NA,NA
2017-04-14,"Summer",2017,NA,NA,NA
2017-04-15,"Summer",2017,NA,NA,NA
2017-04-16,"Summer",2017,NA,NA,NA
2017-04-17,"Summer",2017,NA,NA,NA
2017-04-18,"Summer",2017,NA,NA,NA
2017-04-19,"Summer",2017,NA,NA,NA
2017-04-20,"Summer",2017,NA,NA,NA
2017-04-21,"Summer",2017,NA,NA,NA
2017-04-22,"Summer",2017,NA,NA,NA
2017-04-23,"Summer",2017,NA,NA,NA
2017-04-24,"Summer",2017,NA,NA,NA
2017-04-25,"Summer",2017,NA,NA,NA
2017-04-26,"Summer",2017,NA,NA,NA
2017-04-27,"Summer",2017,NA,NA,NA
2017-04-28,"Summer",2017,NA,NA,NA
2017-04-29,"Summer",2017,NA,NA,NA
2017-04-30,"Summer",2017,NA,NA,NA
2017-05-01,"Summer",2017,NA,NA,NA
2017-05-02,"Summer",2017,NA,NA,NA
2017-05-03,"Summer",2017,NA,NA,NA
2017-05-04,"Summer",2017,NA,NA,NA
2017-05-05,"Summer",2017,NA,NA,NA
2017-05-06,"Summer",2017,NA,NA,NA
2017-05-07,"Summer",2017,NA,NA,NA
2017-05-08,"Summer",2017,NA,NA,NA
2017-05-09,"Summer",2017,NA,NA,NA
2017-05-10,"Summer",2017,NA,NA,NA
2017-05-11,"Summer",2017,NA,NA,NA
2017-05-12,"Summer",2017,NA,NA,NA
2017-05-13,"Summer",2017,NA,NA,NA
2017-05-14,"Summer",2017,NA,NA,NA
2017-05-15,"Summer",2017,NA,NA,NA
2017-05-16,"Summer",2017,NA,NA,NA
2017-05-17,"Summer",2017,NA,NA,NA
2017-05-18,"Summer",2017,NA,NA,NA
2017-05-19,"Summer",2017,NA,NA,NA
2017-05-20,"Summer",2017,NA,NA,NA
2017-05-21,"Summer",2017,NA,NA,NA
2017-05-22,"Summer",2017,NA,NA,NA
2017-05-23,"Summer",2017,NA,NA,NA
2017-05-24,"Summer",2017,NA,NA,NA
2017-05-25,"Summer",2017,NA,NA,NA
2017-05-26,"Summer",2017,NA,NA,NA
2017-05-27,"Summer",2017,NA,NA,NA
2017-05-28,"Summer",2017,NA,NA,NA
2017-05-29,"Summer",2017,NA,NA,NA
2017-05-30,"Summer",2017,NA,NA,NA
2017-05-31,"Summer",2017,NA,NA,NA
2017-06-01,"Summer",2017,NA,NA,NA
2017-06-02,"Summer",2017,NA,NA,NA
2017-06-03,"Summer",2017,NA,NA,NA
2017-06-04,"Summer",2017,NA,NA,NA
2017-06-05,"Summer",2017,NA,NA,NA
2017-06-06,"Summer",2017,NA,NA,NA
2017-06-07,"Summer",2017,NA,NA,NA
2017-06-08,"Summer",2017,NA,NA,NA
2017-06-09,"Summer",2017,NA,NA,NA
2017-06-10,"Summer",2017,NA,NA,NA
2017-06-11,"Summer",2017,NA,NA,NA
2017-06-12,"Summer",2017,NA,NA,NA
2017-06-13,"Summer",2017,NA,NA,NA
2017-06-14,"Summer",2017,NA,NA,NA
2017-06-15,"Summer",2017,NA,NA,NA
2017-06-16,"Summer",2017,NA,NA,NA
2017-06-17,"Summer",2017,NA,NA,NA
2017-06-18,"Summer",2017,NA,NA,NA
2017-06-19,"Summer",2017,NA,NA,NA
2017-06-20,"Summer",2017,NA,NA,NA
2017-06-21,"Summer",2017,NA,NA,NA
2017-06-22,"Summer",2017,NA,NA,NA
2017-06-23,"Summer",2017,NA,NA,NA
2017-06-24,"Summer",2017,NA,NA,NA
2017-06-25,"Summer",2017,NA,NA,NA
2017-06-26,"Summer",2017,NA,NA,NA
2017-06-27,"Summer",2017,NA,NA,NA
2017-06-28,"Summer",2017,NA,NA,NA
2017-06-29,"Summer",2017,NA,NA,NA
2017-06-30,"Summer",2017,NA,NA,NA
2017-07-01,"Summer",2017,NA,NA,NA
2017-07-02,"Summer",2017,NA,NA,NA
2017-07-03,"Summer",2017,NA,NA,NA
2017-07-04,"Summer",2017,NA,NA,NA
2017-07-05,"Summer",2017,NA,NA,NA
2017-07-06,"Summer",2017,NA,NA,NA
2017-07-07,"Summer",2017,NA,NA,NA
2017-07-08,"Summer",2017,NA,NA,NA
2017-07-09,"Summer",2017,NA,NA,NA
2017-07-10,"Summer",2017,NA,NA,NA
2017-07-11,"Summer",2017,NA,NA,NA
2017-07-12,"Summer",2017,NA,NA,NA
2017-07-13,"Summer",2017,NA,NA,NA
2017-07-14,"Summer",2017,NA,NA,NA
2017-07-15,"Summer",2017,NA,NA,NA
2017-07-16,"Summer",2017,NA,NA,NA
2017-07-17,"Summer",2017,NA,NA,NA
2017-07-18,"Summer",2017,NA,NA,NA
2017-07-19,"Summer",2017,NA,NA,NA
2017-07-20,"Summer",2017,NA,NA,NA
2017-07-21,"Summer",2017,NA,NA,NA
2017-07-22,"Summer",2017,NA,NA,NA
2017-07-23,"Summer",2017,NA,NA,NA
2017-07-24,"Summer",2017,NA,NA,NA
2017-07-25,"Summer",2017,NA,NA,NA
2017-07-26,"Summer",2017,NA,NA,NA
2017-07-27,"Summer",2017,NA,NA,NA
2017-07-28,"Summer",2017,NA,NA,NA
2017-07-29,"Summer",2017,NA,NA,NA
2017-07-30,"Summer",2017,NA,NA,NA
2017-07-31,"Summer",2017,NA,NA,NA
2017-08-01,"Summer",2017,NA,NA,NA
2017-08-02,"Summer",2017,NA,NA,NA
2017-08-03,"Summer",2017,NA,NA,NA
2017-08-04,"Summer",2017,NA,NA,NA
2017-08-05,"Summer",2017,NA,NA,NA
2017-08-06,"Summer",2017,NA,NA,NA
2017-08-07,"Summer",2017,NA,NA,NA
2017-08-08,"Summer",2017,NA,NA,NA
2017-08-09,"Summer",2017,NA,NA,NA
2017-08-10,"Summer",2017,NA,NA,NA
2017-08-11,"Summer",2017,NA,NA,NA
2017-08-12,"Summer",2017,NA,NA,NA
2017-08-13,"Summer",2017,NA,NA,NA
2017-08-14,"Summer",2017,NA,NA,NA
2017-08-15,"Summer",2017,NA,NA,NA
2017-08-16,"Summer",2017,NA,NA,NA
2017-08-17,"Summer",2017,NA,NA,NA
2017-08-18,"Summer",2017,NA,NA,NA
2017-08-19,"Summer",2017,NA,NA,NA
2017-08-20,"Summer",2017,NA,NA,NA
2017-08-21,"Summer",2017,NA,NA,NA
2017-08-22,"Summer",2017,NA,NA,NA
2017-08-23,"Summer",2017,NA,NA,NA
2017-08-24,"Summer",2017,NA,NA,NA
2017-08-25,"Summer",2017,NA,NA,NA
2017-08-26,"Summer",2017,NA,NA,NA
2017-08-27,"Summer",2017,NA,NA,NA
2017-08-28,"Summer",2017,NA,NA,NA
2017-08-29,"Summer",2017,NA,NA,NA
2017-08-30,"Summer",2017,NA,NA,NA
2017-08-31,"Summer",2017,NA,NA,NA
2017-09-01,"Summer",2017,NA,NA,NA
2017-09-02,"Summer",2017,NA,NA,NA
2017-09-03,"Summer",2017,NA,NA,NA
2017-09-04,"Summer",2017,NA,NA,NA
2017-09-05,"Summer",2017,NA,NA,NA
2017-09-06,"Summer",2017,NA,NA,NA
2017-09-07,"Summer",2017,NA,NA,NA
2017-09-08,"Summer",2017,NA,NA,NA
2017-09-09,"Summer",2017,NA,NA,NA
2017-09-10,"Summer",2017,NA,NA,NA
2017-09-11,"Summer",2017,NA,NA,NA
2017-09-12,"Summer",2017,NA,NA,NA
2017-09-13,"Summer",2017,NA,NA,NA
2017-09-14,"Summer",2017,NA,NA,NA
2017-09-15,"Summer",2017,NA,NA,NA
2017-09-16,"Summer",2017,NA,NA,NA
2017-09-17,"Summer",2017,NA,NA,NA
2017-09-18,"Summer",2017,NA,NA,NA
2017-09-19,"Summer",2017,NA,NA,NA
2017-09-20,"Summer",2017,NA,NA,NA
2017-09-21,"Summer",2017,NA,NA,NA
2017-09-22,"Summer",2017,NA,NA,NA
2017-09-23,"Summer",2017,NA,NA,NA
2017-09-24,"Summer",2017,NA,NA,NA
2017-09-25,"Summer",2017,NA,NA,NA
2017-09-26,"Summer",2017,NA,NA,NA
2017-09-27,"Summer",2017,NA,NA,NA
2017-09-28,"Summer",2017,NA,NA,NA
2017-09-29,"Summer",2017,NA,NA,NA
2017-09-30,"Summer",2017,NA,NA,NA
2017-10-01,"Summer",2017,NA,NA,NA
2017-10-02,"Summer",2017,NA,NA,NA
2017-10-03,"Summer",2017,NA,NA,NA
2017-10-04,"Summer",2017,NA,NA,NA
2017-10-05,"Summer",2017,NA,NA,NA
2017-10-06,"Summer",2017,NA,NA,NA
2017-10-07,"Summer",2017,NA,NA,NA
2017-10-08,"Summer",2017,NA,NA,NA
2017-10-09,"Summer",2017,NA,NA,NA
2017-10-10,"Summer",2017,NA,NA,NA
2017-10-11,"Summer",2017,NA,NA,NA
2017-10-12,"Summer",2017,NA,NA,NA
2017-10-13,"Summer",2017,NA,NA,NA
2017-10-14,"Summer",2017,NA,NA,NA
2017-10-15,"Summer",2017,NA,NA,NA
2017-10-16,"Summer",2017,NA,NA,NA
2017-10-17,"Summer",2017,NA,NA,NA
2017-10-18,"Summer",2017,NA,NA,NA
2017-10-19,"Summer",2017,NA,NA,NA
2017-10-20,"Summer",2017,NA,NA,NA
2017-10-21,"Summer",2017,NA,NA,NA
2017-10-22,"Summer",2017,NA,NA,NA
2017-10-23,"Summer",2017,NA,NA,NA
2017-10-24,"Summer",2017,NA,NA,NA
2017-10-25,"Fall",2017,NA,NA,NA
2017-10-26,"Fall",2017,NA,NA,NA
2017-10-27,"Fall",2017,NA,NA,NA
2017-10-28,"Fall",2017,NA,NA,NA
2017-10-29,"Fall",2017,NA,NA,NA
2017-10-30,"Fall",2017,NA,NA,NA
2017-10-31,"Fall",2017,NA,NA,NA
2017-11-01,"Fall",2017,NA,NA,NA
2017-11-02,"Fall",2017,NA,NA,NA
2017-11-03,"Fall",2017,NA,NA,NA
2017-11-04,"Fall",2017,NA,NA,NA
2017-11-05,"Fall",2017,NA,NA,NA
2017-11-06,"Fall",2017,NA,NA,NA
2017-11-07,"Fall",2017,NA,NA,NA
2017-11-08,"Fall",2017,NA,NA,NA
2017-11-09,"Fall",2017,NA,NA,NA
2017-11-10,"Fall",2017,NA,NA,NA
2017-11-11,"Fall",2017,NA,NA,NA
2017-11-12,"Fall",2017,NA,NA,NA
2017-11-13,"Fall",2017,NA,NA,NA
2017-11-14,"Fall",2017,NA,NA,NA
2017-11-15,"Fall",2017,NA,NA,NA
2017-11-16,"Fall",2017,NA,NA,NA
2017-11-17,"Fall",2017,NA,NA,NA
2017-11-18,"Fall",2017,NA,NA,NA
2017-11-19,"Fall",2017,NA,NA,NA
2017-11-20,"Fall",2017,NA,NA,NA
2017-11-21,"Fall",2017,NA,NA,NA
2017-11-22,"Fall",2017,NA,NA,NA
2017-11-23,"Fall",2017,NA,NA,NA
2017-11-24,"Fall",2017,NA,NA,NA
2017-11-25,"Fall",2017,NA,NA,NA
2017-11-26,"Fall",2017,NA,NA,NA
2017-11-27,"Fall",2017,NA,NA,NA
2017-11-28,"Fall",2017,NA,NA,NA
2017-11-29,"Fall",2017,NA,NA,NA
2017-11-30,"Fall",2017,NA,NA,NA
2017-12-01,"Fall",2017,0,"335",0
2017-12-02,"Fall",2017,0,"336",1
2017-12-03,"Fall",2017,0,"337",2
2017-12-04,"Fall",2017,0,"338",3
2017-12-05,"Fall",2017,0,"339",4
2017-12-06,"Fall",2017,0,"340",5
2017-12-07,"Fall",2017,0,"341",6
2017-12-08,"Fall",2017,0,"342",7
2017-12-09,"Fall",2017,0,"343",8
2017-12-10,"Fall",2017,0,"344",9
2017-12-11,"Fall",2017,0,"345",10
2017-12-12,"Fall",2017,0,"346",11
2017-12-13,"Fall",2017,0,"347",12
2017-12-14,"Fall",2017,0,"348",13
2017-12-15,"Fall",2017,0,"349",14
2017-12-16,"Fall",2017,0,"350",15
2017-12-17,"Fall",2017,0,"351",16
2017-12-18,"Fall",2017,0,"352",17
2017-12-19,"Fall",2017,0,"353",18
2017-12-20,"Winter",2018,0,"354",19
2017-12-21,"Winter",2018,0,"355",20
2017-12-22,"Winter",2018,0,"356",21
2017-12-23,"Winter",2018,0,"357",22
2017-12-24,"Winter",2018,0,"358",23
2017-12-25,"Winter",2018,0,"359",24
2017-12-26,"Winter",2018,0,"360",25
2017-12-27,"Winter",2018,0,"361",26
2017-12-28,"Winter",2018,1,"362",27
2017-12-29,"Winter",2018,1,"363",28
2017-12-30,"Winter",2018,1,"364",29
2017-12-31,"Winter",2018,1,"365",30
2018-01-01,"Winter",2018,1,"001",31
2018-01-02,"Winter",2018,1,"002",32
2018-01-03,"Winter",2018,1,"003",33
2018-01-04,"Winter",2018,1,"004",34
2018-01-05,"Winter",2018,1,"005",35
2018-01-06,"Winter",2018,1,"006",36
2018-01-07,"Winter",2018,1,"007",37
2018-01-08,"Winter",2018,1,"008",38
2018-01-09,"Winter",2018,0,"009",39
2018-01-10,"Winter",2018,0,"010",40
2018-01-11,"Winter",2018,0,"011",41
2018-01-12,"Winter",2018,0,"012",42
2018-01-13,"Winter",2018,0,"013",43
2018-01-14,"Winter",2018,0,"014",44
2018-01-15,"Winter",2018,0,"015",45
2018-01-16,"Winter",2018,0,"016",46
2018-01-17,"Winter",2018,0,"017",47
2018-01-18,"Winter",2018,0,"018",48
2018-01-19,"Winter",2018,0,"019",49
2018-01-20,"Winter",2018,0,"020",50
2018-01-21,"Winter",2018,0,"021",51
2018-01-22,"Winter",2018,0,"022",52
2018-01-23,"Winter",2018,0,"023",53
2018-01-24,"Winter",2018,0,"024",54
2018-01-25,"Winter",2018,0,"025",55
2018-01-26,"Winter",2018,0,"026",56
2018-01-27,"Winter",2018,0,"027",57
2018-01-28,"Winter",2018,0,"028",58
2018-01-29,"Winter",2018,0,"029",59
2018-01-30,"Winter",2018,0,"030",60
2018-01-31,"Winter",2018,0,"031",61
2018-02-01,"Winter",2018,0,"032",62
2018-02-02,"Winter",2018,0,"033",63
2018-02-03,"Winter",2018,0,"034",64
2018-02-04,"Winter",2018,0,"035",65
2018-02-05,"Winter",2018,0,"036",66
2018-02-06,"Winter",2018,0,"037",67
2018-02-07,"Winter",2018,0,"038",68
2018-02-08,"Winter",2018,0,"039",69
2018-02-09,"Winter",2018,0,"040",70
2018-02-10,"Winter",2018,0,"041",71
2018-02-11,"Winter",2018,0,"042",72
2018-02-12,"Winter",2018,0,"043",73
2018-02-13,"Winter",2018,0,"044",74
2018-02-14,"Winter",2018,0,"045",75
2018-02-15,"Winter",2018,0,"046",76
2018-02-16,"Winter",2018,0,"047",77
2018-02-17,"Winter",2018,0,"048",78
2018-02-18,"Winter",2018,0,"049",79
2018-02-19,"Winter",2018,0,"050",80
2018-02-20,"Winter",2018,0,"051",81
2018-02-21,"Winter",2018,0,"052",82
2018-02-22,"Winter",2018,0,"053",83
2018-02-23,"Spring",2018,0,"054",84
2018-02-24,"Spring",2018,0,"055",85
2018-02-25,"Spring",2018,0,"056",86
2018-02-26,"Spring",2018,0,"057",87
2018-02-27,"Spring",2018,0,"058",88
2018-02-28,"Spring",2018,0,"059",89
2018-03-01,"Spring",2018,0,"060",90
2018-03-02,"Spring",2018,0,"061",91
2018-03-03,"Spring",2018,0,"062",92
2018-03-04,"Spring",2018,0,"063",93
2018-03-05,"Spring",2018,0,"064",94
2018-03-06,"Spring",2018,0,"065",95
2018-03-07,"Spring",2018,0,"066",96
2018-03-08,"Spring",2018,0,"067",97
2018-03-09,"Spring",2018,0,"068",98
2018-03-10,"Spring",2018,0,"069",99
2018-03-11,"Spring",2018,0,"070",100
2018-03-12,"Spring",2018,0,"071",101
2018-03-13,"Spring",2018,0,"072",102
2018-03-14,"Spring",2018,0,"073",103
2018-03-15,"Spring",2018,0,"074",104
2018-03-16,"Spring",2018,0,"075",105
2018-03-17,"Spring",2018,0,"076",106
2018-03-18,"Spring",2018,0,"077",107
2018-03-19,"Spring",2018,0,"078",108
2018-03-20,"Summer",2018,0,"079",109
2018-03-21,"Summer",2018,0,"080",110
2018-03-22,"Summer",2018,0,"081",111
2018-03-23,"Summer",2018,0,"082",112
2018-03-24,"Summer",2018,0,"083",113
2018-03-25,"Summer",2018,0,"084",114
2018-03-26,"Summer",2018,0,"085",115
2018-03-27,"Summer",2018,0,"086",116
2018-03-28,"Summer",2018,0,"087",117
2018-03-29,"Summer",2018,0,"088",118
2018-03-30,"Summer",2018,0,"089",119
2018-03-31,"Summer",2018,0,"090",120
2018-04-01,"Summer",2018,NA,NA,NA
2018-04-02,"Summer",2018,NA,NA,NA
2018-04-03,"Summer",2018,NA,NA,NA
2018-04-04,"Summer",2018,NA,NA,NA
2018-04-05,"Summer",2018,NA,NA,NA
2018-04-06,"Summer",2018,NA,NA,NA
2018-04-07,"Summer",2018,NA,NA,NA
2018-04-08,"Summer",2018,NA,NA,NA
2018-04-09,"Summer",2018,NA,NA,NA
2018-04-10,"Summer",2018,NA,NA,NA
2018-04-11,"Summer",2018,NA,NA,NA
2018-04-12,"Summer",2018,NA,NA,NA
2018-04-13,"Summer",2018,NA,NA,NA
2018-04-14,"Summer",2018,NA,NA,NA
2018-04-15,"Summer",2018,NA,NA,NA
2018-04-16,"Summer",2018,NA,NA,NA
2018-04-17,"Summer",2018,NA,NA,NA
2018-04-18,"Summer",2018,NA,NA,NA
2018-04-19,"Summer",2018,NA,NA,NA
2018-04-20,"Summer",2018,NA,NA,NA
2018-04-21,"Summer",2018,NA,NA,NA
2018-04-22,"Summer",2018,NA,NA,NA
2018-04-23,"Summer",2018,NA,NA,NA
2018-04-24,"Summer",2018,NA,NA,NA
2018-04-25,"Summer",2018,NA,NA,NA
2018-04-26,"Summer",2018,NA,NA,NA
2018-04-27,"Summer",2018,NA,NA,NA
2018-04-28,"Summer",2018,NA,NA,NA
2018-04-29,"Summer",2018,NA,NA,NA
2018-04-30,"Summer",2018,NA,NA,NA
2018-05-01,"Summer",2018,NA,NA,NA
2018-05-02,"Summer",2018,NA,NA,NA
2018-05-03,"Summer",2018,NA,NA,NA
2018-05-04,"Summer",2018,NA,NA,NA
2018-05-05,"Summer",2018,NA,NA,NA
2018-05-06,"Summer",2018,NA,NA,NA
2018-05-07,"Summer",2018,NA,NA,NA
2018-05-08,"Summer",2018,NA,NA,NA
2018-05-09,"Summer",2018,NA,NA,NA
2018-05-10,"Summer",2018,NA,NA,NA
2018-05-11,"Summer",2018,NA,NA,NA
2018-05-12,"Summer",2018,NA,NA,NA
2018-05-13,"Summer",2018,NA,NA,NA
2018-05-14,"Summer",2018,NA,NA,NA
2018-05-15,"Summer",2018,NA,NA,NA
2018-05-16,"Summer",2018,NA,NA,NA
2018-05-17,"Summer",2018,NA,NA,NA
2018-05-18,"Summer",2018,NA,NA,NA
2018-05-19,"Summer",2018,NA,NA,NA
2018-05-20,"Summer",2018,NA,NA,NA
2018-05-21,"Summer",2018,NA,NA,NA
2018-05-22,"Summer",2018,NA,NA,NA
2018-05-23,"Summer",2018,NA,NA,NA
2018-05-24,"Summer",2018,NA,NA,NA
2018-05-25,"Summer",2018,NA,NA,NA
2018-05-26,"Summer",2018,NA,NA,NA
2018-05-27,"Summer",2018,NA,NA,NA
2018-05-28,"Summer",2018,NA,NA,NA
2018-05-29,"Summer",2018,NA,NA,NA
2018-05-30,"Summer",2018,NA,NA,NA
2018-05-31,"Summer",2018,NA,NA,NA
2018-06-01,"Summer",2018,NA,NA,NA
2018-06-02,"Summer",2018,NA,NA,NA
2018-06-03,"Summer",2018,NA,NA,NA
2018-06-04,"Summer",2018,NA,NA,NA
2018-06-05,"Summer",2018,NA,NA,NA
2018-06-06,"Summer",2018,NA,NA,NA
2018-06-07,"Summer",2018,NA,NA,NA
2018-06-08,"Summer",2018,NA,NA,NA
2018-06-09,"Summer",2018,NA,NA,NA
2018-06-10,"Summer",2018,NA,NA,NA
2018-06-11,"Summer",2018,NA,NA,NA
2018-06-12,"Summer",2018,NA,NA,NA
2018-06-13,"Summer",2018,NA,NA,NA
2018-06-14,"Summer",2018,NA,NA,NA
2018-06-15,"Summer",2018,NA,NA,NA
2018-06-16,"Summer",2018,NA,NA,NA
2018-06-17,"Summer",2018,NA,NA,NA
2018-06-18,"Summer",2018,NA,NA,NA
2018-06-19,"Summer",2018,NA,NA,NA
2018-06-20,"Summer",2018,NA,NA,NA
2018-06-21,"Summer",2018,NA,NA,NA
2018-06-22,"Summer",2018,NA,NA,NA
2018-06-23,"Summer",2018,NA,NA,NA
2018-06-24,"Summer",2018,NA,NA,NA
2018-06-25,"Summer",2018,NA,NA,NA
2018-06-26,"Summer",2018,NA,NA,NA
2018-06-27,"Summer",2018,NA,NA,NA
2018-06-28,"Summer",2018,NA,NA,NA
2018-06-29,"Summer",2018,NA,NA,NA
2018-06-30,"Summer",2018,NA,NA,NA
2018-07-01,"Summer",2018,NA,NA,NA
2018-07-02,"Summer",2018,NA,NA,NA
2018-07-03,"Summer",2018,NA,NA,NA
2018-07-04,"Summer",2018,NA,NA,NA
2018-07-05,"Summer",2018,NA,NA,NA
2018-07-06,"Summer",2018,NA,NA,NA
2018-07-07,"Summer",2018,NA,NA,NA
2018-07-08,"Summer",2018,NA,NA,NA
2018-07-09,"Summer",2018,NA,NA,NA
2018-07-10,"Summer",2018,NA,NA,NA
2018-07-11,"Summer",2018,NA,NA,NA
2018-07-12,"Summer",2018,NA,NA,NA
2018-07-13,"Summer",2018,NA,NA,NA
2018-07-14,"Summer",2018,NA,NA,NA
2018-07-15,"Summer",2018,NA,NA,NA
2018-07-16,"Summer",2018,NA,NA,NA
2018-07-17,"Summer",2018,NA,NA,NA
2018-07-18,"Summer",2018,NA,NA,NA
2018-07-19,"Summer",2018,NA,NA,NA
2018-07-20,"Summer",2018,NA,NA,NA
2018-07-21,"Summer",2018,NA,NA,NA
2018-07-22,"Summer",2018,NA,NA,NA
2018-07-23,"Summer",2018,NA,NA,NA
2018-07-24,"Summer",2018,NA,NA,NA
2018-07-25,"Summer",2018,NA,NA,NA
2018-07-26,"Summer",2018,NA,NA,NA
2018-07-27,"Summer",2018,NA,NA,NA
2018-07-28,"Summer",2018,NA,NA,NA
2018-07-29,"Summer",2018,NA,NA,NA
2018-07-30,"Summer",2018,NA,NA,NA
2018-07-31,"Summer",2018,NA,NA,NA
2018-08-01,"Summer",2018,NA,NA,NA
2018-08-02,"Summer",2018,NA,NA,NA
2018-08-03,"Summer",2018,NA,NA,NA
2018-08-04,"Summer",2018,NA,NA,NA
2018-08-05,"Summer",2018,NA,NA,NA
2018-08-06,"Summer",2018,NA,NA,NA
2018-08-07,"Summer",2018,NA,NA,NA
2018-08-08,"Summer",2018,NA,NA,NA
2018-08-09,"Summer",2018,NA,NA,NA
2018-08-10,"Summer",2018,NA,NA,NA
2018-08-11,"Summer",2018,NA,NA,NA
2018-08-12,"Summer",2018,NA,NA,NA
2018-08-13,"Summer",2018,NA,NA,NA
2018-08-14,"Summer",2018,NA,NA,NA
2018-08-15,"Summer",2018,NA,NA,NA
2018-08-16,"Summer",2018,NA,NA,NA
2018-08-17,"Summer",2018,NA,NA,NA
2018-08-18,"Summer",2018,NA,NA,NA
2018-08-19,"Summer",2018,NA,NA,NA
2018-08-20,"Summer",2018,NA,NA,NA
2018-08-21,"Summer",2018,NA,NA,NA
2018-08-22,"Summer",2018,NA,NA,NA
2018-08-23,"Summer",2018,NA,NA,NA
2018-08-24,"Summer",2018,NA,NA,NA
2018-08-25,"Summer",2018,NA,NA,NA
2018-08-26,"Summer",2018,NA,NA,NA
2018-08-27,"Summer",2018,NA,NA,NA
2018-08-28,"Summer",2018,NA,NA,NA
2018-08-29,"Summer",2018,NA,NA,NA
2018-08-30,"Summer",2018,NA,NA,NA
2018-08-31,"Summer",2018,NA,NA,NA
2018-09-01,"Summer",2018,NA,NA,NA
2018-09-02,"Summer",2018,NA,NA,NA
2018-09-03,"Summer",2018,NA,NA,NA
2018-09-04,"Summer",2018,NA,NA,NA
2018-09-05,"Summer",2018,NA,NA,NA
2018-09-06,"Summer",2018,NA,NA,NA
2018-09-07,"Summer",2018,NA,NA,NA
2018-09-08,"Summer",2018,NA,NA,NA
2018-09-09,"Summer",2018,NA,NA,NA
2018-09-10,"Summer",2018,NA,NA,NA
2018-09-11,"Summer",2018,NA,NA,NA
2018-09-12,"Summer",2018,NA,NA,NA
2018-09-13,"Summer",2018,NA,NA,NA
2018-09-14,"Summer",2018,NA,NA,NA
2018-09-15,"Summer",2018,NA,NA,NA
2018-09-16,"Summer",2018,NA,NA,NA
2018-09-17,"Summer",2018,NA,NA,NA
2018-09-18,"Summer",2018,NA,NA,NA
2018-09-19,"Summer",2018,NA,NA,NA
2018-09-20,"Summer",2018,NA,NA,NA
2018-09-21,"Summer",2018,NA,NA,NA
2018-09-22,"Summer",2018,NA,NA,NA
2018-09-23,"Summer",2018,NA,NA,NA
2018-09-24,"Summer",2018,NA,NA,NA
2018-09-25,"Summer",2018,NA,NA,NA
2018-09-26,"Summer",2018,NA,NA,NA
2018-09-27,"Summer",2018,NA,NA,NA
2018-09-28,"Summer",2018,NA,NA,NA
2018-09-29,"Summer",2018,NA,NA,NA
2018-09-30,"Summer",2018,NA,NA,NA
2018-10-01,"Summer",2018,NA,NA,NA
2018-10-02,"Summer",2018,NA,NA,NA
2018-10-03,"Summer",2018,NA,NA,NA
2018-10-04,"Summer",2018,NA,NA,NA
2018-10-05,"Summer",2018,NA,NA,NA
2018-10-06,"Summer",2018,NA,NA,NA
2018-10-07,"Summer",2018,NA,NA,NA
2018-10-08,"Summer",2018,NA,NA,NA
2018-10-09,"Summer",2018,NA,NA,NA
2018-10-10,"Summer",2018,NA,NA,NA
2018-10-11,"Summer",2018,NA,NA,NA
2018-10-12,"Summer",2018,NA,NA,NA
2018-10-13,"Summer",2018,NA,NA,NA
2018-10-14,"Summer",2018,NA,NA,NA
2018-10-15,"Summer",2018,NA,NA,NA
2018-10-16,"Summer",2018,NA,NA,NA
2018-10-17,"Summer",2018,NA,NA,NA
2018-10-18,"Summer",2018,NA,NA,NA
2018-10-19,"Summer",2018,NA,NA,NA
2018-10-20,"Summer",2018,NA,NA,NA
2018-10-21,"Summer",2018,NA,NA,NA
2018-10-22,"Fall",2018,NA,NA,NA
2018-10-23,"Fall",2018,NA,NA,NA
2018-10-24,"Fall",2018,NA,NA,NA
2018-10-25,"Fall",2018,NA,NA,NA
2018-10-26,"Fall",2018,NA,NA,NA
2018-10-27,"Fall",2018,NA,NA,NA
2018-10-28,"Fall",2018,NA,NA,NA
2018-10-29,"Fall",2018,NA,NA,NA
2018-10-30,"Fall",2018,NA,NA,NA
2018-10-31,"Fall",2018,NA,NA,NA
2018-11-01,"Fall",2018,NA,NA,NA
2018-11-02,"Fall",2018,NA,NA,NA
2018-11-03,"Fall",2018,NA,NA,NA
2018-11-04,"Fall",2018,NA,NA,NA
2018-11-05,"Fall",2018,NA,NA,NA
2018-11-06,"Fall",2018,NA,NA,NA
2018-11-07,"Fall",2018,NA,NA,NA
2018-11-08,"Fall",2018,NA,NA,NA
2018-11-09,"Fall",2018,NA,NA,NA
2018-11-10,"Fall",2018,NA,NA,NA
2018-11-11,"Fall",2018,NA,NA,NA
2018-11-12,"Fall",2018,NA,NA,NA
2018-11-13,"Fall",2018,NA,NA,NA
2018-11-14,"Fall",2018,NA,NA,NA
2018-11-15,"Fall",2018,NA,NA,NA
2018-11-16,"Fall",2018,NA,NA,NA
2018-11-17,"Fall",2018,NA,NA,NA
2018-11-18,"Fall",2018,NA,NA,NA
2018-11-19,"Fall",2018,NA,NA,NA
2018-11-20,"Fall",2018,NA,NA,NA
2018-11-21,"Fall",2018,NA,NA,NA
2018-11-22,"Fall",2018,NA,NA,NA
2018-11-23,"Fall",2018,NA,NA,NA
2018-11-24,"Fall",2018,NA,NA,NA
2018-11-25,"Fall",2018,NA,NA,NA
2018-11-26,"Fall",2018,NA,NA,NA
2018-11-27,"Fall",2018,NA,NA,NA
2018-11-28,"Fall",2018,NA,NA,NA
2018-11-29,"Fall",2018,NA,NA,NA
2018-11-30,"Fall",2018,NA,NA,NA
2018-12-01,"Fall",2018,0,"335",0
2018-12-02,"Fall",2018,0,"336",1
2018-12-03,"Fall",2018,0,"337",2
2018-12-04,"Fall",2018,0,"338",3
2018-12-05,"Fall",2018,0,"339",4
2018-12-06,"Fall",2018,0,"340",5
2018-12-07,"Fall",2018,0,"341",6
2018-12-08,"Fall",2018,0,"342",7
2018-12-09,"Fall",2018,0,"343",8
2018-12-10,"Fall",2018,0,"344",9
2018-12-11,"Fall",2018,0,"345",10
2018-12-12,"Fall",2018,0,"346",11
2018-12-13,"Fall",2018,0,"347",12
2018-12-14,"Fall",2018,0,"348",13
2018-12-15,"Fall",2018,0,"349",14
2018-12-16,"Fall",2018,0,"350",15
2018-12-17,"Fall",2018,0,"351",16
2018-12-18,"Fall",2018,0,"352",17
2018-12-19,"Fall",2018,0,"353",18
2018-12-20,"Winter",2019,0,"354",19
2018-12-21,"Winter",2019,0,"355",20
2018-12-22,"Winter",2019,0,"356",21
2018-12-23,"Winter",2019,0,"357",22
2018-12-24,"Winter",2019,0,"358",23
2018-12-25,"Winter",2019,0,"359",24
2018-12-26,"Winter",2019,0,"360",25
2018-12-27,"Winter",2019,0,"361",26
2018-12-28,"Winter",2019,0,"362",27
2018-12-29,"Winter",2019,0,"363",28
2018-12-30,"Winter",2019,0,"364",29
2018-12-31,"Winter",2019,0,"365",30
2019-01-01,"Winter",2019,0,"001",31
2019-01-02,"Winter",2019,0,"002",32
2019-01-03,"Winter",2019,0,"003",33
2019-01-04,"Winter",2019,0,"004",34
2019-01-05,"Winter",2019,0,"005",35
2019-01-06,"Winter",2019,0,"006",36
2019-01-07,"Winter",2019,0,"007",37
2019-01-08,"Winter",2019,0,"008",38
2019-01-09,"Winter",2019,0,"009",39
2019-01-10,"Winter",2019,0,"010",40
2019-01-11,"Winter",2019,0,"011",41
2019-01-12,"Winter",2019,0,"012",42
2019-01-13,"Winter",2019,0,"013",43
2019-01-14,"Winter",2019,0,"014",44
2019-01-15,"Winter",2019,0,"015",45
2019-01-16,"Winter",2019,0,"016",46
2019-01-17,"Winter",2019,0,"017",47
2019-01-18,"Winter",2019,0,"018",48
2019-01-19,"Winter",2019,0,"019",49
2019-01-20,"Winter",2019,0,"020",50
2019-01-21,"Winter",2019,1,"021",51
2019-01-22,"Winter",2019,1,"022",52
2019-01-23,"Winter",2019,1,"023",53
2019-01-24,"Winter",2019,0,"024",54
2019-01-25,"Winter",2019,0,"025",55
2019-01-26,"Winter",2019,0,"026",56
2019-01-27,"Winter",2019,1,"027",57
2019-01-28,"Winter",2019,1,"028",58
2019-01-29,"Winter",2019,1,"029",59
2019-01-30,"Winter",2019,1,"030",60
2019-01-31,"Winter",2019,1,"031",61
2019-02-01,"Winter",2019,1,"032",62
2019-02-02,"Winter",2019,0,"033",63
2019-02-03,"Winter",2019,0,"034",64
2019-02-04,"Winter",2019,0,"035",65
2019-02-05,"Winter",2019,0,"036",66
2019-02-06,"Winter",2019,0,"037",67
2019-02-07,"Winter",2019,0,"038",68
2019-02-08,"Winter",2019,0,"039",69
2019-02-09,"Winter",2019,0,"040",70
2019-02-10,"Winter",2019,0,"041",71
2019-02-11,"Winter",2019,0,"042",72
2019-02-12,"Winter",2019,0,"043",73
2019-02-13,"Winter",2019,0,"044",74
2019-02-14,"Winter",2019,0,"045",75
2019-02-15,"Winter",2019,0,"046",76
2019-02-16,"Winter",2019,0,"047",77
2019-02-17,"Winter",2019,0,"048",78
2019-02-18,"Winter",2019,0,"049",79
2019-02-19,"Winter",2019,0,"050",80
2019-02-20,"Winter",2019,0,"051",81
2019-02-21,"Winter",2019,0,"052",82
2019-02-22,"Winter",2019,0,"053",83
2019-02-23,"Spring",2019,0,"054",84
2019-02-24,"Spring",2019,0,"055",85
2019-02-25,"Spring",2019,0,"056",86
2019-02-26,"Spring",2019,0,"057",87
2019-02-27,"Spring",2019,0,"058",88
2019-02-28,"Spring",2019,0,"059",89
2019-03-01,"Spring",2019,0,"060",90
2019-03-02,"Spring",2019,0,"061",91
2019-03-03,"Spring",2019,0,"062",92
2019-03-04,"Spring",2019,0,"063",93
2019-03-05,"Spring",2019,0,"064",94
2019-03-06,"Spring",2019,0,"065",95
2019-03-07,"Spring",2019,0,"066",96
2019-03-08,"Spring",2019,0,"067",97
2019-03-09,"Spring",2019,0,"068",98
2019-03-10,"Spring",2019,0,"069",99
2019-03-11,"Spring",2019,0,"070",100
2019-03-12,"Spring",2019,0,"071",101
2019-03-13,"Spring",2019,0,"072",102
2019-03-14,"Spring",2019,0,"073",103
2019-03-15,"Spring",2019,0,"074",104
2019-03-16,"Spring",2019,0,"075",105
2019-03-17,"Spring",2019,0,"076",106
2019-03-18,"Spring",2019,0,"077",107
2019-03-19,"Spring",2019,0,"078",108
2019-03-20,"Spring",2019,0,"079",109
2019-03-21,"Spring",2019,0,"080",110
2019-03-22,"Spring",2019,0,"081",111
2019-03-23,"Spring",2019,0,"082",112
2019-03-24,"Spring",2019,0,"083",113
2019-03-25,"Summer",2019,0,"084",114
2019-03-26,"Summer",2019,0,"085",115
2019-03-27,"Summer",2019,0,"086",116
2019-03-28,"Summer",2019,0,"087",117
2019-03-29,"Summer",2019,0,"088",118
2019-03-30,"Summer",2019,0,"089",119
2019-03-31,"Summer",2019,0,"090",120
2019-04-01,"Summer",2019,NA,NA,NA
2019-04-02,"Summer",2019,NA,NA,NA
2019-04-03,"Summer",2019,NA,NA,NA
2019-04-04,"Summer",2019,NA,NA,NA
2019-04-05,"Summer",2019,NA,NA,NA
2019-04-06,"Summer",2019,NA,NA,NA
2019-04-07,"Summer",2019,NA,NA,NA
2019-04-08,"Summer",2019,NA,NA,NA
2019-04-09,"Summer",2019,NA,NA,NA
2019-04-10,"Summer",2019,NA,NA,NA
2019-04-11,"Summer",2019,NA,NA,NA
2019-04-12,"Summer",2019,NA,NA,NA
2019-04-13,"Summer",2019,NA,NA,NA
2019-04-14,"Summer",2019,NA,NA,NA
2019-04-15,"Summer",2019,NA,NA,NA
2019-04-16,"Summer",2019,NA,NA,NA
2019-04-17,"Summer",2019,NA,NA,NA
2019-04-18,"Summer",2019,NA,NA,NA
2019-04-19,"Summer",2019,NA,NA,NA
2019-04-20,"Summer",2019,NA,NA,NA
2019-04-21,"Summer",2019,NA,NA,NA
2019-04-22,"Summer",2019,NA,NA,NA
2019-04-23,"Summer",2019,NA,NA,NA
2019-04-24,"Summer",2019,NA,NA,NA
2019-04-25,"Summer",2019,NA,NA,NA
2019-04-26,"Summer",2019,NA,NA,NA
2019-04-27,"Summer",2019,NA,NA,NA
2019-04-28,"Summer",2019,NA,NA,NA
2019-04-29,"Summer",2019,NA,NA,NA
2019-04-30,"Summer",2019,NA,NA,NA
2019-05-01,"Summer",2019,NA,NA,NA
2019-05-02,"Summer",2019,NA,NA,NA
2019-05-03,"Summer",2019,NA,NA,NA
2019-05-04,"Summer",2019,NA,NA,NA
2019-05-05,"Summer",2019,NA,NA,NA
2019-05-06,"Summer",2019,NA,NA,NA
2019-05-07,"Summer",2019,NA,NA,NA
2019-05-08,"Summer",2019,NA,NA,NA
2019-05-09,"Summer",2019,NA,NA,NA
2019-05-10,"Summer",2019,NA,NA,NA
2019-05-11,"Summer",2019,NA,NA,NA
2019-05-12,"Summer",2019,NA,NA,NA
2019-05-13,"Summer",2019,NA,NA,NA
2019-05-14,"Summer",2019,NA,NA,NA
2019-05-15,"Summer",2019,NA,NA,NA
2019-05-16,"Summer",2019,NA,NA,NA
2019-05-17,"Summer",2019,NA,NA,NA
2019-05-18,"Summer",2019,NA,NA,NA
2019-05-19,"Summer",2019,NA,NA,NA
2019-05-20,"Summer",2019,NA,NA,NA
2019-05-21,"Summer",2019,NA,NA,NA
2019-05-22,"Summer",2019,NA,NA,NA
2019-05-23,"Summer",2019,NA,NA,NA
2019-05-24,"Summer",2019,NA,NA,NA
2019-05-25,"Summer",2019,NA,NA,NA
2019-05-26,"Summer",2019,NA,NA,NA
2019-05-27,"Summer",2019,NA,NA,NA
2019-05-28,"Summer",2019,NA,NA,NA
2019-05-29,"Summer",2019,NA,NA,NA
2019-05-30,"Summer",2019,NA,NA,NA
2019-05-31,"Summer",2019,NA,NA,NA
2019-06-01,"Summer",2019,NA,NA,NA
2019-06-02,"Summer",2019,NA,NA,NA
2019-06-03,"Summer",2019,NA,NA,NA
2019-06-04,"Summer",2019,NA,NA,NA
2019-06-05,"Summer",2019,NA,NA,NA
2019-06-06,"Summer",2019,NA,NA,NA
2019-06-07,"Summer",2019,NA,NA,NA
2019-06-08,"Summer",2019,NA,NA,NA
2019-06-09,"Summer",2019,NA,NA,NA
2019-06-10,"Summer",2019,NA,NA,NA
2019-06-11,"Summer",2019,NA,NA,NA
2019-06-12,"Summer",2019,NA,NA,NA
2019-06-13,"Summer",2019,NA,NA,NA
2019-06-14,"Summer",2019,NA,NA,NA
2019-06-15,"Summer",2019,NA,NA,NA
2019-06-16,"Summer",2019,NA,NA,NA
2019-06-17,"Summer",2019,NA,NA,NA
2019-06-18,"Summer",2019,NA,NA,NA
2019-06-19,"Summer",2019,NA,NA,NA
2019-06-20,"Summer",2019,NA,NA,NA
2019-06-21,"Summer",2019,NA,NA,NA
2019-06-22,"Summer",2019,NA,NA,NA
2019-06-23,"Summer",2019,NA,NA,NA
2019-06-24,"Summer",2019,NA,NA,NA
2019-06-25,"Summer",2019,NA,NA,NA
2019-06-26,"Summer",2019,NA,NA,NA
2019-06-27,"Summer",2019,NA,NA,NA
2019-06-28,"Summer",2019,NA,NA,NA
2019-06-29,"Summer",2019,NA,NA,NA
2019-06-30,"Summer",2019,NA,NA,NA
2019-07-01,"Summer",2019,NA,NA,NA
2019-07-02,"Summer",2019,NA,NA,NA
2019-07-03,"Summer",2019,NA,NA,NA
2019-07-04,"Summer",2019,NA,NA,NA
2019-07-05,"Summer",2019,NA,NA,NA
2019-07-06,"Summer",2019,NA,NA,NA
2019-07-07,"Summer",2019,NA,NA,NA
2019-07-08,"Summer",2019,NA,NA,NA
2019-07-09,"Summer",2019,NA,NA,NA
2019-07-10,"Summer",2019,NA,NA,NA
2019-07-11,"Summer",2019,NA,NA,NA
2019-07-12,"Summer",2019,NA,NA,NA
2019-07-13,"Summer",2019,NA,NA,NA
2019-07-14,"Summer",2019,NA,NA,NA
2019-07-15,"Summer",2019,NA,NA,NA
2019-07-16,"Summer",2019,NA,NA,NA
2019-07-17,"Summer",2019,NA,NA,NA
2019-07-18,"Summer",2019,NA,NA,NA
2019-07-19,"Summer",2019,NA,NA,NA
2019-07-20,"Summer",2019,NA,NA,NA
2019-07-21,"Summer",2019,NA,NA,NA
2019-07-22,"Summer",2019,NA,NA,NA
2019-07-23,"Summer",2019,NA,NA,NA
2019-07-24,"Summer",2019,NA,NA,NA
2019-07-25,"Summer",2019,NA,NA,NA
2019-07-26,"Summer",2019,NA,NA,NA
2019-07-27,"Summer",2019,NA,NA,NA
2019-07-28,"Summer",2019,NA,NA,NA
2019-07-29,"Summer",2019,NA,NA,NA
2019-07-30,"Summer",2019,NA,NA,NA
2019-07-31,"Summer",2019,NA,NA,NA
2019-08-01,"Summer",2019,NA,NA,NA
2019-08-02,"Summer",2019,NA,NA,NA
2019-08-03,"Summer",2019,NA,NA,NA
2019-08-04,"Summer",2019,NA,NA,NA
2019-08-05,"Summer",2019,NA,NA,NA
2019-08-06,"Summer",2019,NA,NA,NA
2019-08-07,"Summer",2019,NA,NA,NA
2019-08-08,"Summer",2019,NA,NA,NA
2019-08-09,"Summer",2019,NA,NA,NA
2019-08-10,"Summer",2019,NA,NA,NA
2019-08-11,"Summer",2019,NA,NA,NA
2019-08-12,"Summer",2019,NA,NA,NA
2019-08-13,"Summer",2019,NA,NA,NA
2019-08-14,"Summer",2019,NA,NA,NA
2019-08-15,"Summer",2019,NA,NA,NA
2019-08-16,"Summer",2019,NA,NA,NA
2019-08-17,"Summer",2019,NA,NA,NA
2019-08-18,"Summer",2019,NA,NA,NA
2019-08-19,"Summer",2019,NA,NA,NA
2019-08-20,"Summer",2019,NA,NA,NA
2019-08-21,"Summer",2019,NA,NA,NA
2019-08-22,"Summer",2019,NA,NA,NA
2019-08-23,"Summer",2019,NA,NA,NA
2019-08-24,"Summer",2019,NA,NA,NA
2019-08-25,"Summer",2019,NA,NA,NA
2019-08-26,"Summer",2019,NA,NA,NA
2019-08-27,"Summer",2019,NA,NA,NA
2019-08-28,"Summer",2019,NA,NA,NA
2019-08-29,"Summer",2019,NA,NA,NA
2019-08-30,"Summer",2019,NA,NA,NA
2019-08-31,"Summer",2019,NA,NA,NA
2019-09-01,"Summer",2019,NA,NA,NA
2019-09-02,"Summer",2019,NA,NA,NA
2019-09-03,"Summer",2019,NA,NA,NA
2019-09-04,"Summer",2019,NA,NA,NA
2019-09-05,"Summer",2019,NA,NA,NA
2019-09-06,"Summer",2019,NA,NA,NA
2019-09-07,"Summer",2019,NA,NA,NA
2019-09-08,"Summer",2019,NA,NA,NA
2019-09-09,"Summer",2019,NA,NA,NA
2019-09-10,"Summer",2019,NA,NA,NA
2019-09-11,"Summer",2019,NA,NA,NA
2019-09-12,"Summer",2019,NA,NA,NA
2019-09-13,"Summer",2019,NA,NA,NA
2019-09-14,"Summer",2019,NA,NA,NA
2019-09-15,"Summer",2019,NA,NA,NA
2019-09-16,"Summer",2019,NA,NA,NA
2019-09-17,"Summer",2019,NA,NA,NA
2019-09-18,"Summer",2019,NA,NA,NA
2019-09-19,"Summer",2019,NA,NA,NA
2019-09-20,"Summer",2019,NA,NA,NA
2019-09-21,"Summer",2019,NA,NA,NA
2019-09-22,"Summer",2019,NA,NA,NA
2019-09-23,"Summer",2019,NA,NA,NA
2019-09-24,"Summer",2019,NA,NA,NA
2019-09-25,"Summer",2019,NA,NA,NA
2019-09-26,"Summer",2019,NA,NA,NA
2019-09-27,"Summer",2019,NA,NA,NA
2019-09-28,"Summer",2019,NA,NA,NA
2019-09-29,"Summer",2019,NA,NA,NA
2019-09-30,"Summer",2019,NA,NA,NA
2019-10-01,"Summer",2019,NA,NA,NA
2019-10-02,"Summer",2019,NA,NA,NA
2019-10-03,"Summer",2019,NA,NA,NA
2019-10-04,"Summer",2019,NA,NA,NA
2019-10-05,"Summer",2019,NA,NA,NA
2019-10-06,"Summer",2019,NA,NA,NA
2019-10-07,"Summer",2019,NA,NA,NA
2019-10-08,"Summer",2019,NA,NA,NA
2019-10-09,"Summer",2019,NA,NA,NA
2019-10-10,"Summer",2019,NA,NA,NA
2019-10-11,"Summer",2019,NA,NA,NA
2019-10-12,"Summer",2019,NA,NA,NA
2019-10-13,"Summer",2019,NA,NA,NA
2019-10-14,"Summer",2019,NA,NA,NA
2019-10-15,"Summer",2019,NA,NA,NA
2019-10-16,"Summer",2019,NA,NA,NA
2019-10-17,"Summer",2019,NA,NA,NA
2019-10-18,"Summer",2019,NA,NA,NA
2019-10-19,"Summer",2019,NA,NA,NA
2019-10-20,"Summer",2019,NA,NA,NA
2019-10-21,"Summer",2019,NA,NA,NA
2019-10-22,"Summer",2019,NA,NA,NA
2019-10-23,"Summer",2019,NA,NA,NA
2019-10-24,"Summer",2019,NA,NA,NA
2019-10-25,"Summer",2019,NA,NA,NA
2019-10-26,"Summer",2019,NA,NA,NA
2019-10-27,"Summer",2019,NA,NA,NA
2019-10-28,"Summer",2019,NA,NA,NA
2019-10-29,"Summer",2019,NA,NA,NA
2019-10-30,"Summer",2019,NA,NA,NA
2019-10-31,"Summer",2019,NA,NA,NA
2019-11-01,"Summer",2019,NA,NA,NA
2019-11-02,"Fall",2019,NA,NA,NA
2019-11-03,"Fall",2019,NA,NA,NA
2019-11-04,"Fall",2019,NA,NA,NA
2019-11-05,"Fall",2019,NA,NA,NA
2019-11-06,"Fall",2019,NA,NA,NA
2019-11-07,"Fall",2019,NA,NA,NA
2019-11-08,"Fall",2019,NA,NA,NA
2019-11-09,"Fall",2019,NA,NA,NA
2019-11-10,"Fall",2019,NA,NA,NA
2019-11-11,"Fall",2019,NA,NA,NA
2019-11-12,"Fall",2019,NA,NA,NA
2019-11-13,"Fall",2019,NA,NA,NA
2019-11-14,"Fall",2019,NA,NA,NA
2019-11-15,"Fall",2019,NA,NA,NA
2019-11-16,"Fall",2019,NA,NA,NA
2019-11-17,"Fall",2019,NA,NA,NA
2019-11-18,"Fall",2019,NA,NA,NA
2019-11-19,"Fall",2019,NA,NA,NA
2019-11-20,"Fall",2019,NA,NA,NA
2019-11-21,"Fall",2019,NA,NA,NA
2019-11-22,"Fall",2019,NA,NA,NA
2019-11-23,"Fall",2019,NA,NA,NA
2019-11-24,"Fall",2019,NA,NA,NA
2019-11-25,"Fall",2019,NA,NA,NA
2019-11-26,"Fall",2019,NA,NA,NA
2019-11-27,"Fall",2019,NA,NA,NA
2019-11-28,"Fall",2019,NA,NA,NA
2019-11-29,"Fall",2019,NA,NA,NA
2019-11-30,"Fall",2019,NA,NA,NA
2019-12-01,"Fall",2019,0,"335",0
2019-12-02,"Fall",2019,0,"336",1
2019-12-03,"Fall",2019,0,"337",2
2019-12-04,"Fall",2019,0,"338",3
2019-12-05,"Fall",2019,0,"339",4
2019-12-06,"Fall",2019,0,"340",5
2019-12-07,"Fall",2019,0,"341",6
2019-12-08,"Fall",2019,0,"342",7
2019-12-09,"Fall",2019,0,"343",8
2019-12-10,"Fall",2019,0,"344",9
2019-12-11,"Fall",2019,0,"345",10
2019-12-12,"Fall",2019,0,"346",11
2019-12-13,"Fall",2019,0,"347",12
2019-12-14,"Fall",2019,0,"348",13
2019-12-15,"Fall",2019,0,"349",14
2019-12-16,"Fall",2019,0,"350",15
2019-12-17,"Fall",2019,0,"351",16
2019-12-18,"Fall",2019,0,"352",17
2019-12-19,"Fall",2019,0,"353",18
2019-12-20,"Winter",2020,0,"354",19
2019-12-21,"Winter",2020,0,"355",20
2019-12-22,"Winter",2020,0,"356",21
2019-12-23,"Winter",2020,0,"357",22
2019-12-24,"Winter",2020,0,"358",23
2019-12-25,"Winter",2020,0,"359",24
2019-12-26,"Winter",2020,0,"360",25
2019-12-27,"Winter",2020,0,"361",26
2019-12-28,"Winter",2020,0,"362",27
2019-12-29,"Winter",2020,0,"363",28
2019-12-30,"Winter",2020,0,"364",29
2019-12-31,"Winter",2020,0,"365",30
2020-01-01,"Winter",2020,0,"001",31
2020-01-02,"Winter",2020,0,"002",32
2020-01-03,"Winter",2020,0,"003",33
2020-01-04,"Winter",2020,0,"004",34
2020-01-05,"Winter",2020,0,"005",35
2020-01-06,"Winter",2020,0,"006",36
2020-01-07,"Winter",2020,0,"007",37
2020-01-08,"Winter",2020,0,"008",38
2020-01-09,"Winter",2020,0,"009",39
2020-01-10,"Winter",2020,0,"010",40
2020-01-11,"Winter",2020,0,"011",41
2020-01-12,"Winter",2020,0,"012",42
2020-01-13,"Winter",2020,0,"013",43
2020-01-14,"Winter",2020,0,"014",44
2020-01-15,"Winter",2020,0,"015",45
2020-01-16,"Winter",2020,0,"016",46
2020-01-17,"Winter",2020,0,"017",47
2020-01-18,"Winter",2020,0,"018",48
2020-01-19,"Winter",2020,0,"019",49
2020-01-20,"Winter",2020,0,"020",50
2020-01-21,"Winter",2020,0,"021",51
2020-01-22,"Winter",2020,0,"022",52
2020-01-23,"Winter",2020,0,"023",53
2020-01-24,"Winter",2020,0,"024",54
2020-01-25,"Winter",2020,0,"025",55
2020-01-26,"Winter",2020,0,"026",56
2020-01-27,"Winter",2020,0,"027",57
2020-01-28,"Winter",2020,0,"028",58
2020-01-29,"Winter",2020,0,"029",59
2020-01-30,"Winter",2020,0,"030",60
2020-01-31,"Winter",2020,0,"031",61
2020-02-01,"Winter",2020,0,"032",62
2020-02-02,"Winter",2020,0,"033",63
2020-02-03,"Winter",2020,0,"034",64
2020-02-04,"Winter",2020,0,"035",65
2020-02-05,"Winter",2020,0,"036",66
2020-02-06,"Winter",2020,0,"037",67
2020-02-07,"Winter",2020,0,"038",68
2020-02-08,"Winter",2020,0,"039",69
2020-02-09,"Winter",2020,0,"040",70
2020-02-10,"Winter",2020,0,"041",71
2020-02-11,"Winter",2020,0,"042",72
2020-02-12,"Winter",2020,0,"043",73
2020-02-13,"Winter",2020,0,"044",74
2020-02-14,"Winter",2020,0,"045",75
2020-02-15,"Winter",2020,0,"046",76
2020-02-16,"Winter",2020,0,"047",77
2020-02-17,"Winter",2020,0,"048",78
2020-02-18,"Winter",2020,0,"049",79
2020-02-19,"Winter",2020,0,"050",80
2020-02-20,"Winter",2020,0,"051",81
2020-02-21,"Winter",2020,0,"052",82
2020-02-22,"Winter",2020,0,"053",83
2020-02-23,"Spring",2020,0,"054",84
2020-02-24,"Spring",2020,0,"055",85
2020-02-25,"Spring",2020,0,"056",86
2020-02-26,"Spring",2020,0,"057",87
2020-02-27,"Spring",2020,0,"058",88
2020-02-28,"Spring",2020,0,"059",89
2020-02-29,"Spring",2020,0,"060",90
2020-03-01,"Spring",2020,0,"061",91
2020-03-02,"Spring",2020,0,"062",92
2020-03-03,"Spring",2020,0,"063",93
2020-03-04,"Spring",2020,0,"064",94
2020-03-05,"Spring",2020,0,"065",95
2020-03-06,"Spring",2020,0,"066",96
2020-03-07,"Spring",2020,0,"067",97
2020-03-08,"Spring",2020,0,"068",98
2020-03-09,"Spring",2020,0,"069",99
2020-03-10,"Spring",2020,0,"070",100
2020-03-11,"Summer",2020,0,"071",101
2020-03-12,"Summer",2020,0,"072",102
2020-03-13,"Summer",2020,0,"073",103
2020-03-14,"Summer",2020,0,"074",104
2020-03-15,"Summer",2020,0,"075",105
2020-03-16,"Summer",2020,0,"076",106
2020-03-17,"Summer",2020,0,"077",107
2020-03-18,"Summer",2020,0,"078",108
2020-03-19,"Summer",2020,0,"079",109
2020-03-20,"Summer",2020,0,"080",110
2020-03-21,"Summer",2020,0,"081",111
2020-03-22,"Summer",2020,0,"082",112
2020-03-23,"Summer",2020,0,"083",113
2020-03-24,"Summer",2020,0,"084",114
2020-03-25,"Summer",2020,0,"085",115
2020-03-26,"Summer",2020,0,"086",116
2020-03-27,"Summer",2020,0,"087",117
2020-03-28,"Summer",2020,0,"088",118
2020-03-29,"Summer",2020,0,"089",119
2020-03-30,"Summer",2020,0,"090",120
2020-03-31,"Summer",2020,0,"091",121
2020-04-01,"Summer",2020,NA,NA,NA
2020-04-02,"Summer",2020,NA,NA,NA
2020-04-03,"Summer",2020,NA,NA,NA
2020-04-04,"Summer",2020,NA,NA,NA
2020-04-05,"Summer",2020,NA,NA,NA
2020-04-06,"Summer",2020,NA,NA,NA
2020-04-07,"Summer",2020,NA,NA,NA
2020-04-08,"Summer",2020,NA,NA,NA
2020-04-09,"Summer",2020,NA,NA,NA
2020-04-10,"Summer",2020,NA,NA,NA
2020-04-11,"Summer",2020,NA,NA,NA
2020-04-12,"Summer",2020,NA,NA,NA
2020-04-13,"Summer",2020,NA,NA,NA
2020-04-14,"Summer",2020,NA,NA,NA
2020-04-15,"Summer",2020,NA,NA,NA
2020-04-16,"Summer",2020,NA,NA,NA
2020-04-17,"Summer",2020,NA,NA,NA
2020-04-18,"Summer",2020,NA,NA,NA
2020-04-19,"Summer",2020,NA,NA,NA
2020-04-20,"Summer",2020,NA,NA,NA
2020-04-21,"Summer",2020,NA,NA,NA
2020-04-22,"Summer",2020,NA,NA,NA
2020-04-23,"Summer",2020,NA,NA,NA
2020-04-24,"Summer",2020,NA,NA,NA
2020-04-25,"Summer",2020,NA,NA,NA
2020-04-26,"Summer",2020,NA,NA,NA
2020-04-27,"Summer",2020,NA,NA,NA
2020-04-28,"Summer",2020,NA,NA,NA
2020-04-29,"Summer",2020,NA,NA,NA
2020-04-30,"Summer",2020,NA,NA,NA
2020-05-01,"Summer",2020,NA,NA,NA
2020-05-02,"Summer",2020,NA,NA,NA
2020-05-03,"Summer",2020,NA,NA,NA
2020-05-04,"Summer",2020,NA,NA,NA
2020-05-05,"Summer",2020,NA,NA,NA
2020-05-06,"Summer",2020,NA,NA,NA
2020-05-07,"Summer",2020,NA,NA,NA
2020-05-08,"Summer",2020,NA,NA,NA
2020-05-09,"Summer",2020,NA,NA,NA
2020-05-10,"Summer",2020,NA,NA,NA
2020-05-11,"Summer",2020,NA,NA,NA
2020-05-12,"Summer",2020,NA,NA,NA
2020-05-13,"Summer",2020,NA,NA,NA
2020-05-14,"Summer",2020,NA,NA,NA
2020-05-15,"Summer",2020,NA,NA,NA
2020-05-16,"Summer",2020,NA,NA,NA
2020-05-17,"Summer",2020,NA,NA,NA
2020-05-18,"Summer",2020,NA,NA,NA
2020-05-19,"Summer",2020,NA,NA,NA
2020-05-20,"Summer",2020,NA,NA,NA
2020-05-21,"Summer",2020,NA,NA,NA
2020-05-22,"Summer",2020,NA,NA,NA
2020-05-23,"Summer",2020,NA,NA,NA
2020-05-24,"Summer",2020,NA,NA,NA
2020-05-25,"Summer",2020,NA,NA,NA
2020-05-26,"Summer",2020,NA,NA,NA
2020-05-27,"Summer",2020,NA,NA,NA
2020-05-28,"Summer",2020,NA,NA,NA
2020-05-29,"Summer",2020,NA,NA,NA
2020-05-30,"Summer",2020,NA,NA,NA
2020-05-31,"Summer",2020,NA,NA,NA
2020-06-01,"Summer",2020,NA,NA,NA
2020-06-02,"Summer",2020,NA,NA,NA
2020-06-03,"Summer",2020,NA,NA,NA
2020-06-04,"Summer",2020,NA,NA,NA
2020-06-05,"Summer",2020,NA,NA,NA
2020-06-06,"Summer",2020,NA,NA,NA
2020-06-07,"Summer",2020,NA,NA,NA
2020-06-08,"Summer",2020,NA,NA,NA
2020-06-09,"Summer",2020,NA,NA,NA
2020-06-10,"Summer",2020,NA,NA,NA
2020-06-11,"Summer",2020,NA,NA,NA
2020-06-12,"Summer",2020,NA,NA,NA
2020-06-13,"Summer",2020,NA,NA,NA
2020-06-14,"Summer",2020,NA,NA,NA
2020-06-15,"Summer",2020,NA,NA,NA
2020-06-16,"Summer",2020,NA,NA,NA
2020-06-17,"Summer",2020,NA,NA,NA
2020-06-18,"Summer",2020,NA,NA,NA
2020-06-19,"Summer",2020,NA,NA,NA
2020-06-20,"Summer",2020,NA,NA,NA
2020-06-21,"Summer",2020,NA,NA,NA
2020-06-22,"Summer",2020,NA,NA,NA
2020-06-23,"Summer",2020,NA,NA,NA
2020-06-24,"Summer",2020,NA,NA,NA
2020-06-25,"Summer",2020,NA,NA,NA
2020-06-26,"Summer",2020,NA,NA,NA
2020-06-27,"Summer",2020,NA,NA,NA
2020-06-28,"Summer",2020,NA,NA,NA
2020-06-29,"Summer",2020,NA,NA,NA
2020-06-30,"Summer",2020,NA,NA,NA
2020-07-01,"Summer",2020,NA,NA,NA
2020-07-02,"Summer",2020,NA,NA,NA
2020-07-03,"Summer",2020,NA,NA,NA
2020-07-04,"Summer",2020,NA,NA,NA
2020-07-05,"Summer",2020,NA,NA,NA
2020-07-06,"Summer",2020,NA,NA,NA
2020-07-07,"Summer",2020,NA,NA,NA
2020-07-08,"Summer",2020,NA,NA,NA
2020-07-09,"Summer",2020,NA,NA,NA
2020-07-10,"Summer",2020,NA,NA,NA
2020-07-11,"Summer",2020,NA,NA,NA
2020-07-12,"Summer",2020,NA,NA,NA
2020-07-13,"Summer",2020,NA,NA,NA
2020-07-14,"Summer",2020,NA,NA,NA
2020-07-15,"Summer",2020,NA,NA,NA
2020-07-16,"Summer",2020,NA,NA,NA
2020-07-17,"Summer",2020,NA,NA,NA
2020-07-18,"Summer",2020,NA,NA,NA
2020-07-19,"Summer",2020,NA,NA,NA
2020-07-20,"Summer",2020,NA,NA,NA
2020-07-21,"Summer",2020,NA,NA,NA
2020-07-22,"Summer",2020,NA,NA,NA
2020-07-23,"Summer",2020,NA,NA,NA
2020-07-24,"Summer",2020,NA,NA,NA
2020-07-25,"Summer",2020,NA,NA,NA
2020-07-26,"Summer",2020,NA,NA,NA
2020-07-27,"Summer",2020,NA,NA,NA
2020-07-28,"Summer",2020,NA,NA,NA
2020-07-29,"Summer",2020,NA,NA,NA
2020-07-30,"Summer",2020,NA,NA,NA
2020-07-31,"Summer",2020,NA,NA,NA
2020-08-01,"Summer",2020,NA,NA,NA
2020-08-02,"Summer",2020,NA,NA,NA
2020-08-03,"Summer",2020,NA,NA,NA
2020-08-04,"Summer",2020,NA,NA,NA
2020-08-05,"Summer",2020,NA,NA,NA
2020-08-06,"Summer",2020,NA,NA,NA
2020-08-07,"Summer",2020,NA,NA,NA
2020-08-08,"Summer",2020,NA,NA,NA
2020-08-09,"Summer",2020,NA,NA,NA
2020-08-10,"Summer",2020,NA,NA,NA
2020-08-11,"Summer",2020,NA,NA,NA
2020-08-12,"Summer",2020,NA,NA,NA
2020-08-13,"Summer",2020,NA,NA,NA
2020-08-14,"Summer",2020,NA,NA,NA
2020-08-15,"Summer",2020,NA,NA,NA
2020-08-16,"Summer",2020,NA,NA,NA
2020-08-17,"Summer",2020,NA,NA,NA
2020-08-18,"Summer",2020,NA,NA,NA
2020-08-19,"Summer",2020,NA,NA,NA
2020-08-20,"Summer",2020,NA,NA,NA
2020-08-21,"Summer",2020,NA,NA,NA
2020-08-22,"Summer",2020,NA,NA,NA
2020-08-23,"Summer",2020,NA,NA,NA
2020-08-24,"Summer",2020,NA,NA,NA
2020-08-25,"Summer",2020,NA,NA,NA
2020-08-26,"Summer",2020,NA,NA,NA
2020-08-27,"Summer",2020,NA,NA,NA
2020-08-28,"Summer",2020,NA,NA,NA
2020-08-29,"Summer",2020,NA,NA,NA
2020-08-30,"Summer",2020,NA,NA,NA
2020-08-31,"Summer",2020,NA,NA,NA
2020-09-01,"Summer",2020,NA,NA,NA
2020-09-02,"Summer",2020,NA,NA,NA
2020-09-03,"Summer",2020,NA,NA,NA
2020-09-04,"Summer",2020,NA,NA,NA
2020-09-05,"Summer",2020,NA,NA,NA
2020-09-06,"Summer",2020,NA,NA,NA
2020-09-07,"Summer",2020,NA,NA,NA
2020-09-08,"Summer",2020,NA,NA,NA
2020-09-09,"Summer",2020,NA,NA,NA
2020-09-10,"Summer",2020,NA,NA,NA
2020-09-11,"Summer",2020,NA,NA,NA
2020-09-12,"Summer",2020,NA,NA,NA
2020-09-13,"Summer",2020,NA,NA,NA
2020-09-14,"Summer",2020,NA,NA,NA
2020-09-15,"Summer",2020,NA,NA,NA
2020-09-16,"Summer",2020,NA,NA,NA
2020-09-17,"Summer",2020,NA,NA,NA
2020-09-18,"Summer",2020,NA,NA,NA
2020-09-19,"Summer",2020,NA,NA,NA
2020-09-20,"Summer",2020,NA,NA,NA
2020-09-21,"Summer",2020,NA,NA,NA
2020-09-22,"Summer",2020,NA,NA,NA
2020-09-23,"Summer",2020,NA,NA,NA
2020-09-24,"Summer",2020,NA,NA,NA
2020-09-25,"Summer",2020,NA,NA,NA
2020-09-26,"Summer",2020,NA,NA,NA
2020-09-27,"Summer",2020,NA,NA,NA
2020-09-28,"Summer",2020,NA,NA,NA
2020-09-29,"Summer",2020,NA,NA,NA
2020-09-30,"Summer",2020,NA,NA,NA
2020-10-01,"Summer",2020,NA,NA,NA
2020-10-02,"Summer",2020,NA,NA,NA
2020-10-03,"Summer",2020,NA,NA,NA
2020-10-04,"Summer",2020,NA,NA,NA
2020-10-05,"Summer",2020,NA,NA,NA
2020-10-06,"Summer",2020,NA,NA,NA
2020-10-07,"Summer",2020,NA,NA,NA
2020-10-08,"Summer",2020,NA,NA,NA
2020-10-09,"Summer",2020,NA,NA,NA
2020-10-10,"Summer",2020,NA,NA,NA
2020-10-11,"Summer",2020,NA,NA,NA
2020-10-12,"Summer",2020,NA,NA,NA
2020-10-13,"Summer",2020,NA,NA,NA
2020-10-14,"Summer",2020,NA,NA,NA
2020-10-15,"Summer",2020,NA,NA,NA
2020-10-16,"Summer",2020,NA,NA,NA
2020-10-17,"Summer",2020,NA,NA,NA
2020-10-18,"Summer",2020,NA,NA,NA
2020-10-19,"Summer",2020,NA,NA,NA
2020-10-20,"Summer",2020,NA,NA,NA
2020-10-21,"Summer",2020,NA,NA,NA
2020-10-22,"Summer",2020,NA,NA,NA
2020-10-23,"Summer",2020,NA,NA,NA
2020-10-24,"Summer",2020,NA,NA,NA
2020-10-25,"Summer",2020,NA,NA,NA
2020-10-26,"Summer",2020,NA,NA,NA
2020-10-27,"Summer",2020,NA,NA,NA
2020-10-28,"Summer",2020,NA,NA,NA
2020-10-29,"Summer",2020,NA,NA,NA
2020-10-30,"Summer",2020,NA,NA,NA
2020-10-31,"Summer",2020,NA,NA,NA
2020-11-01,"Summer",2020,NA,NA,NA
2020-11-02,"Fall",2020,NA,NA,NA
2020-11-03,"Fall",2020,NA,NA,NA
2020-11-04,"Fall",2020,NA,NA,NA
2020-11-05,"Fall",2020,NA,NA,NA
2020-11-06,"Fall",2020,NA,NA,NA
2020-11-07,"Fall",2020,NA,NA,NA
2020-11-08,"Fall",2020,NA,NA,NA
2020-11-09,"Fall",2020,NA,NA,NA
2020-11-10,"Fall",2020,NA,NA,NA
2020-11-11,"Fall",2020,NA,NA,NA
2020-11-12,"Fall",2020,NA,NA,NA
2020-11-13,"Fall",2020,NA,NA,NA
2020-11-14,"Fall",2020,NA,NA,NA
2020-11-15,"Fall",2020,NA,NA,NA
2020-11-16,"Fall",2020,NA,NA,NA
2020-11-17,"Fall",2020,NA,NA,NA
2020-11-18,"Fall",2020,NA,NA,NA
2020-11-19,"Fall",2020,NA,NA,NA
2020-11-20,"Fall",2020,NA,NA,NA
2020-11-21,"Fall",2020,NA,NA,NA
2020-11-22,"Fall",2020,NA,NA,NA
2020-11-23,"Fall",2020,NA,NA,NA
2020-11-24,"Fall",2020,NA,NA,NA
2020-11-25,"Fall",2020,NA,NA,NA
2020-11-26,"Fall",2020,NA,NA,NA
2020-11-27,"Fall",2020,NA,NA,NA
2020-11-28,"Fall",2020,NA,NA,NA
2020-11-29,"Fall",2020,NA,NA,NA
2020-11-30,"Fall",2020,NA,NA,NA
2020-12-01,"Fall",2020,0,"336",0
2020-12-02,"Fall",2020,0,"337",1
2020-12-03,"Fall",2020,0,"338",2
2020-12-04,"Fall",2020,0,"339",3
2020-12-05,"Fall",2020,0,"340",4
2020-12-06,"Fall",2020,0,"341",5
2020-12-07,"Fall",2020,0,"342",6
2020-12-08,"Fall",2020,0,"343",7
2020-12-09,"Fall",2020,0,"344",8
2020-12-10,"Fall",2020,0,"345",9
2020-12-11,"Fall",2020,0,"346",10
2020-12-12,"Fall",2020,0,"347",11
2020-12-13,"Fall",2020,0,"348",12
2020-12-14,"Fall",2020,0,"349",13
2020-12-15,"Fall",2020,0,"350",14
2020-12-16,"Fall",2020,0,"351",15
2020-12-17,"Fall",2020,0,"352",16
2020-12-18,"Fall",2020,0,"353",17
2020-12-19,"Fall",2020,0,"354",18
2020-12-20,"Winter",2021,0,"355",19
2020-12-21,"Winter",2021,0,"356",20
2020-12-22,"Winter",2021,0,"357",21
2020-12-23,"Winter",2021,0,"358",22
2020-12-24,"Winter",2021,0,"359",23
2020-12-25,"Winter",2021,0,"360",24
2020-12-26,"Winter",2021,0,"361",25
2020-12-27,"Winter",2021,1,"362",26
2020-12-28,"Winter",2021,1,"363",27
2020-12-29,"Winter",2021,1,"364",28
2020-12-30,"Winter",2021,0,"365",29
2020-12-31,"Winter",2021,0,"366",30
2021-01-01,"Winter",2021,0,"001",31
2021-01-02,"Winter",2021,0,"002",32
2021-01-03,"Winter",2021,0,"003",33
2021-01-04,"Winter",2021,0,"004",34
2021-01-05,"Winter",2021,0,"005",35
2021-01-06,"Winter",2021,0,"006",36
2021-01-07,"Winter",2021,0,"007",37
2021-01-08,"Winter",2021,0,"008",38
2021-01-09,"Winter",2021,0,"009",39
2021-01-10,"Winter",2021,1,"010",40
2021-01-11,"Winter",2021,1,"011",41
2021-01-12,"Winter",2021,1,"012",42
2021-01-13,"Winter",2021,1,"013",43
2021-01-14,"Winter",2021,1,"014",44
2021-01-15,"Winter",2021,1,"015",45
2021-01-16,"Winter",2021,1,"016",46
2021-01-17,"Winter",2021,1,"017",47
2021-01-18,"Winter",2021,1,"018",48
2021-01-19,"Winter",2021,1,"019",49
2021-01-20,"Winter",2021,1,"020",50
2021-01-21,"Winter",2021,1,"021",51
2021-01-22,"Winter",2021,1,"022",52
2021-01-23,"Winter",2021,1,"023",53
2021-01-24,"Winter",2021,1,"024",54
2021-01-25,"Winter",2021,1,"025",55
2021-01-26,"Winter",2021,1,"026",56
2021-01-27,"Winter",2021,1,"027",57
2021-01-28,"Winter",2021,1,"028",58
2021-01-29,"Winter",2021,1,"029",59
2021-01-30,"Winter",2021,1,"030",60
2021-01-31,"Winter",2021,1,"031",61
2021-02-01,"Winter",2021,1,"032",62
2021-02-02,"Winter",2021,1,"033",63
2021-02-03,"Winter",2021,1,"034",64
2021-02-04,"Winter",2021,1,"035",65
2021-02-05,"Winter",2021,1,"036",66
2021-02-06,"Winter",2021,1,"037",67
2021-02-07,"Winter",2021,1,"038",68
2021-02-08,"Winter",2021,1,"039",69
2021-02-09,"Winter",2021,0,"040",70
2021-02-10,"Winter",2021,0,"041",71
2021-02-11,"Winter",2021,1,"042",72
2021-02-12,"Winter",2021,1,"043",73
2021-02-13,"Winter",2021,1,"044",74
2021-02-14,"Winter",2021,1,"045",75
2021-02-15,"Winter",2021,1,"046",76
2021-02-16,"Winter",2021,1,"047",77
2021-02-17,"Winter",2021,1,"048",78
2021-02-18,"Winter",2021,1,"049",79
2021-02-19,"Winter",2021,1,"050",80
2021-02-20,"Winter",2021,1,"051",81
2021-02-21,"Winter",2021,1,"052",82
2021-02-22,"Winter",2021,1,"053",83
2021-02-23,"Spring",2021,0,"054",84
2021-02-24,"Spring",2021,0,"055",85
2021-02-25,"Spring",2021,0,"056",86
2021-02-26,"Spring",2021,0,"057",87
2021-02-27,"Spring",2021,0,"058",88
2021-02-28,"Spring",2021,0,"059",89
2021-03-01,"Spring",2021,0,"060",90
2021-03-02,"Spring",2021,0,"061",91
2021-03-03,"Spring",2021,0,"062",92
2021-03-04,"Spring",2021,0,"063",93
2021-03-05,"Spring",2021,0,"064",94
2021-03-06,"Spring",2021,0,"065",95
2021-03-07,"Spring",2021,0,"066",96
2021-03-08,"Spring",2021,0,"067",97
2021-03-09,"Spring",2021,0,"068",98
2021-03-10,"Spring",2021,0,"069",99
2021-03-11,"Spring",2021,0,"070",100
2021-03-12,"Spring",2021,0,"071",101
2021-03-13,"Spring",2021,0,"072",102
2021-03-14,"Spring",2021,0,"073",103
2021-03-15,"Spring",2021,0,"074",104
2021-03-16,"Spring",2021,0,"075",105
2021-03-17,"Summer",2021,0,"076",106
2021-03-18,"Summer",2021,0,"077",107
2021-03-19,"Summer",2021,0,"078",108
2021-03-20,"Summer",2021,0,"079",109
2021-03-21,"Summer",2021,0,"080",110
2021-03-22,"Summer",2021,0,"081",111
2021-03-23,"Summer",2021,0,"082",112
2021-03-24,"Summer",2021,0,"083",113
2021-03-25,"Summer",2021,0,"084",114
2021-03-26,"Summer",2021,0,"085",115
2021-03-27,"Summer",2021,0,"086",116
2021-03-28,"Summer",2021,0,"087",117
2021-03-29,"Summer",2021,0,"088",118
2021-03-30,"Summer",2021,0,"089",119
2021-03-31,"Summer",2021,0,"090",120
2021-04-01,"Summer",2021,NA,NA,NA
2021-04-02,"Summer",2021,NA,NA,NA
2021-04-03,"Summer",2021,NA,NA,NA
2021-04-04,"Summer",2021,NA,NA,NA
2021-04-05,"Summer",2021,NA,NA,NA
2021-04-06,"Summer",2021,NA,NA,NA
2021-04-07,"Summer",2021,NA,NA,NA
2021-04-08,"Summer",2021,NA,NA,NA
2021-04-09,"Summer",2021,NA,NA,NA
2021-04-10,"Summer",2021,NA,NA,NA
2021-04-11,"Summer",2021,NA,NA,NA
2021-04-12,"Summer",2021,NA,NA,NA
2021-04-13,"Summer",2021,NA,NA,NA
2021-04-14,"Summer",2021,NA,NA,NA
2021-04-15,"Summer",2021,NA,NA,NA
2021-04-16,"Summer",2021,NA,NA,NA
2021-04-17,"Summer",2021,NA,NA,NA
2021-04-18,"Summer",2021,NA,NA,NA
2021-04-19,"Summer",2021,NA,NA,NA
2021-04-20,"Summer",2021,NA,NA,NA
2021-04-21,"Summer",2021,NA,NA,NA
2021-04-22,"Summer",2021,NA,NA,NA
2021-04-23,"Summer",2021,NA,NA,NA
2021-04-24,"Summer",2021,NA,NA,NA
2021-04-25,"Summer",2021,NA,NA,NA
2021-04-26,"Summer",2021,NA,NA,NA
2021-04-27,"Summer",2021,NA,NA,NA
2021-04-28,"Summer",2021,NA,NA,NA
2021-04-29,"Summer",2021,NA,NA,NA
2021-04-30,"Summer",2021,NA,NA,NA
2021-05-01,"Summer",2021,NA,NA,NA
2021-05-02,"Summer",2021,NA,NA,NA
2021-05-03,"Summer",2021,NA,NA,NA
2021-05-04,"Summer",2021,NA,NA,NA
2021-05-05,"Summer",2021,NA,NA,NA
2021-05-06,"Summer",2021,NA,NA,NA
2021-05-07,"Summer",2021,NA,NA,NA
2021-05-08,"Summer",2021,NA,NA,NA
2021-05-09,"Summer",2021,NA,NA,NA
2021-05-10,"Summer",2021,NA,NA,NA
2021-05-11,"Summer",2021,NA,NA,NA
2021-05-12,"Summer",2021,NA,NA,NA
2021-05-13,"Summer",2021,NA,NA,NA
2021-05-14,"Summer",2021,NA,NA,NA
2021-05-15,"Summer",2021,NA,NA,NA
2021-05-16,"Summer",2021,NA,NA,NA
2021-05-17,"Summer",2021,NA,NA,NA
2021-05-18,"Summer",2021,NA,NA,NA
2021-05-19,"Summer",2021,NA,NA,NA
2021-05-20,"Summer",2021,NA,NA,NA
2021-05-21,"Summer",2021,NA,NA,NA
2021-05-22,"Summer",2021,NA,NA,NA
2021-05-23,"Summer",2021,NA,NA,NA
2021-05-24,"Summer",2021,NA,NA,NA
2021-05-25,"Summer",2021,NA,NA,NA
2021-05-26,"Summer",2021,NA,NA,NA
2021-05-27,"Summer",2021,NA,NA,NA
2021-05-28,"Summer",2021,NA,NA,NA
2021-05-29,"Summer",2021,NA,NA,NA
2021-05-30,"Summer",2021,NA,NA,NA
2021-05-31,"Summer",2021,NA,NA,NA
2021-06-01,"Summer",2021,NA,NA,NA
2021-06-02,"Summer",2021,NA,NA,NA
2021-06-03,"Summer",2021,NA,NA,NA
2021-06-04,"Summer",2021,NA,NA,NA
2021-06-05,"Summer",2021,NA,NA,NA
2021-06-06,"Summer",2021,NA,NA,NA
2021-06-07,"Summer",2021,NA,NA,NA
2021-06-08,"Summer",2021,NA,NA,NA
2021-06-09,"Summer",2021,NA,NA,NA
2021-06-10,"Summer",2021,NA,NA,NA
2021-06-11,"Summer",2021,NA,NA,NA
2021-06-12,"Summer",2021,NA,NA,NA
2021-06-13,"Summer",2021,NA,NA,NA
2021-06-14,"Summer",2021,NA,NA,NA
2021-06-15,"Summer",2021,NA,NA,NA
2021-06-16,"Summer",2021,NA,NA,NA
2021-06-17,"Summer",2021,NA,NA,NA
2021-06-18,"Summer",2021,NA,NA,NA
2021-06-19,"Summer",2021,NA,NA,NA
2021-06-20,"Summer",2021,NA,NA,NA
2021-06-21,"Summer",2021,NA,NA,NA
2021-06-22,"Summer",2021,NA,NA,NA
2021-06-23,"Summer",2021,NA,NA,NA
2021-06-24,"Summer",2021,NA,NA,NA
2021-06-25,"Summer",2021,NA,NA,NA
2021-06-26,"Summer",2021,NA,NA,NA
2021-06-27,"Summer",2021,NA,NA,NA
2021-06-28,"Summer",2021,NA,NA,NA
2021-06-29,"Summer",2021,NA,NA,NA
2021-06-30,"Summer",2021,NA,NA,NA
2021-07-01,"Summer",2021,NA,NA,NA
2021-07-02,"Summer",2021,NA,NA,NA
2021-07-03,"Summer",2021,NA,NA,NA
2021-07-04,"Summer",2021,NA,NA,NA
2021-07-05,"Summer",2021,NA,NA,NA
2021-07-06,"Summer",2021,NA,NA,NA
2021-07-07,"Summer",2021,NA,NA,NA
2021-07-08,"Summer",2021,NA,NA,NA
2021-07-09,"Summer",2021,NA,NA,NA
2021-07-10,"Summer",2021,NA,NA,NA
2021-07-11,"Summer",2021,NA,NA,NA
2021-07-12,"Summer",2021,NA,NA,NA
2021-07-13,"Summer",2021,NA,NA,NA
2021-07-14,"Summer",2021,NA,NA,NA
2021-07-15,"Summer",2021,NA,NA,NA
2021-07-16,"Summer",2021,NA,NA,NA
2021-07-17,"Summer",2021,NA,NA,NA
2021-07-18,"Summer",2021,NA,NA,NA
2021-07-19,"Summer",2021,NA,NA,NA
2021-07-20,"Summer",2021,NA,NA,NA
2021-07-21,"Summer",2021,NA,NA,NA
2021-07-22,"Summer",2021,NA,NA,NA
2021-07-23,"Summer",2021,NA,NA,NA
2021-07-24,"Summer",2021,NA,NA,NA
2021-07-25,"Summer",2021,NA,NA,NA
2021-07-26,"Summer",2021,NA,NA,NA
2021-07-27,"Summer",2021,NA,NA,NA
2021-07-28,"Summer",2021,NA,NA,NA
2021-07-29,"Summer",2021,NA,NA,NA
2021-07-30,"Summer",2021,NA,NA,NA
2021-07-31,"Summer",2021,NA,NA,NA
2021-08-01,"Summer",2021,NA,NA,NA
2021-08-02,"Summer",2021,NA,NA,NA
2021-08-03,"Summer",2021,NA,NA,NA
2021-08-04,"Summer",2021,NA,NA,NA
2021-08-05,"Summer",2021,NA,NA,NA
2021-08-06,"Summer",2021,NA,NA,NA
2021-08-07,"Summer",2021,NA,NA,NA
2021-08-08,"Summer",2021,NA,NA,NA
2021-08-09,"Summer",2021,NA,NA,NA
2021-08-10,"Summer",2021,NA,NA,NA
2021-08-11,"Summer",2021,NA,NA,NA
2021-08-12,"Summer",2021,NA,NA,NA
2021-08-13,"Summer",2021,NA,NA,NA
2021-08-14,"Summer",2021,NA,NA,NA
2021-08-15,"Summer",2021,NA,NA,NA
2021-08-16,"Summer",2021,NA,NA,NA
2021-08-17,"Summer",2021,NA,NA,NA
2021-08-18,"Summer",2021,NA,NA,NA
2021-08-19,"Summer",2021,NA,NA,NA
2021-08-20,"Summer",2021,NA,NA,NA
2021-08-21,"Summer",2021,NA,NA,NA
2021-08-22,"Summer",2021,NA,NA,NA
2021-08-23,"Summer",2021,NA,NA,NA
2021-08-24,"Summer",2021,NA,NA,NA
2021-08-25,"Summer",2021,NA,NA,NA
2021-08-26,"Summer",2021,NA,NA,NA
2021-08-27,"Summer",2021,NA,NA,NA
2021-08-28,"Summer",2021,NA,NA,NA
2021-08-29,"Summer",2021,NA,NA,NA
2021-08-30,"Summer",2021,NA,NA,NA
2021-08-31,"Summer",2021,NA,NA,NA
2021-09-01,"Summer",2021,NA,NA,NA
2021-09-02,"Summer",2021,NA,NA,NA
2021-09-03,"Summer",2021,NA,NA,NA
2021-09-04,"Summer",2021,NA,NA,NA
2021-09-05,"Summer",2021,NA,NA,NA
2021-09-06,"Summer",2021,NA,NA,NA
2021-09-07,"Summer",2021,NA,NA,NA
2021-09-08,"Summer",2021,NA,NA,NA
2021-09-09,"Summer",2021,NA,NA,NA
2021-09-10,"Summer",2021,NA,NA,NA
2021-09-11,"Summer",2021,NA,NA,NA
2021-09-12,"Summer",2021,NA,NA,NA
2021-09-13,"Summer",2021,NA,NA,NA
2021-09-14,"Summer",2021,NA,NA,NA
2021-09-15,"Summer",2021,NA,NA,NA
2021-09-16,"Summer",2021,NA,NA,NA
2021-09-17,"Summer",2021,NA,NA,NA
2021-09-18,"Summer",2021,NA,NA,NA
2021-09-19,"Summer",2021,NA,NA,NA
2021-09-20,"Summer",2021,NA,NA,NA
2021-09-21,"Summer",2021,NA,NA,NA
2021-09-22,"Summer",2021,NA,NA,NA
2021-09-23,"Summer",2021,NA,NA,NA
2021-09-24,"Summer",2021,NA,NA,NA
2021-09-25,"Summer",2021,NA,NA,NA
2021-09-26,"Summer",2021,NA,NA,NA
2021-09-27,"Summer",2021,NA,NA,NA
2021-09-28,"Summer",2021,NA,NA,NA
2021-09-29,"Summer",2021,NA,NA,NA
2021-09-30,"Summer",2021,NA,NA,NA
2021-10-01,"Summer",2021,NA,NA,NA
2021-10-02,"Summer",2021,NA,NA,NA
2021-10-03,"Summer",2021,NA,NA,NA
2021-10-04,"Summer",2021,NA,NA,NA
2021-10-05,"Summer",2021,NA,NA,NA
2021-10-06,"Summer",2021,NA,NA,NA
2021-10-07,"Summer",2021,NA,NA,NA
2021-10-08,"Summer",2021,NA,NA,NA
2021-10-09,"Summer",2021,NA,NA,NA
2021-10-10,"Summer",2021,NA,NA,NA
2021-10-11,"Summer",2021,NA,NA,NA
2021-10-12,"Summer",2021,NA,NA,NA
2021-10-13,"Summer",2021,NA,NA,NA
2021-10-14,"Summer",2021,NA,NA,NA
2021-10-15,"Summer",2021,NA,NA,NA
2021-10-16,"Summer",2021,NA,NA,NA
2021-10-17,"Summer",2021,NA,NA,NA
2021-10-18,"Summer",2021,NA,NA,NA
2021-10-19,"Summer",2021,NA,NA,NA
2021-10-20,"Summer",2021,NA,NA,NA
2021-10-21,"Summer",2021,NA,NA,NA
2021-10-22,"Summer",2021,NA,NA,NA
2021-10-23,"Summer",2021,NA,NA,NA
2021-10-24,"Summer",2021,NA,NA,NA
2021-10-25,"Summer",2021,NA,NA,NA
2021-10-26,"Summer",2021,NA,NA,NA
2021-10-27,"Summer",2021,NA,NA,NA
2021-10-28,"Summer",2021,NA,NA,NA
2021-10-29,"Summer",2021,NA,NA,NA
2021-10-30,"Summer",2021,NA,NA,NA
2021-10-31,"Summer",2021,NA,NA,NA
2021-11-01,"Summer",2021,NA,NA,NA
2021-11-02,"Summer",2021,NA,NA,NA
2021-11-03,"Fall",2021,NA,NA,NA
2021-11-04,"Fall",2021,NA,NA,NA
2021-11-05,"Fall",2021,NA,NA,NA
2021-11-06,"Fall",2021,NA,NA,NA
2021-11-07,"Fall",2021,NA,NA,NA
2021-11-08,"Fall",2021,NA,NA,NA
2021-11-09,"Fall",2021,NA,NA,NA
2021-11-10,"Fall",2021,NA,NA,NA
2021-11-11,"Fall",2021,NA,NA,NA
2021-11-12,"Fall",2021,NA,NA,NA
2021-11-13,"Fall",2021,NA,NA,NA
2021-11-14,"Fall",2021,NA,NA,NA
2021-11-15,"Fall",2021,NA,NA,NA
2021-11-16,"Fall",2021,NA,NA,NA
2021-11-17,"Fall",2021,NA,NA,NA
2021-11-18,"Fall",2021,NA,NA,NA
2021-11-19,"Fall",2021,NA,NA,NA
2021-11-20,"Fall",2021,NA,NA,NA
2021-11-21,"Fall",2021,NA,NA,NA
2021-11-22,"Fall",2021,NA,NA,NA
2021-11-23,"Fall",2021,NA,NA,NA
2021-11-24,"Fall",2021,NA,NA,NA
2021-11-25,"Fall",2021,NA,NA,NA
2021-11-26,"Fall",2021,NA,NA,NA
2021-11-27,"Fall",2021,NA,NA,NA
2021-11-28,"Fall",2021,NA,NA,NA
2021-11-29,"Fall",2021,NA,NA,NA
2021-11-30,"Fall",2021,NA,NA,NA
2021-12-01,"Fall",2021,0,"335",0
2021-12-02,"Fall",2021,0,"336",1
2021-12-03,"Fall",2021,0,"337",2
2021-12-04,"Fall",2021,0,"338",3
2021-12-05,"Fall",2021,0,"339",4
2021-12-06,"Fall",2021,0,"340",5
2021-12-07,"Fall",2021,0,"341",6
2021-12-08,"Fall",2021,0,"342",7
2021-12-09,"Fall",2021,0,"343",8
2021-12-10,"Fall",2021,0,"344",9
2021-12-11,"Fall",2021,0,"345",10
2021-12-12,"Fall",2021,0,"346",11
2021-12-13,"Fall",2021,0,"347",12
2021-12-14,"Fall",2021,0,"348",13
2021-12-15,"Fall",2021,0,"349",14
2021-12-16,"Fall",2021,0,"350",15
2021-12-17,"Fall",2021,0,"351",16
2021-12-18,"Fall",2021,0,"352",17
2021-12-19,"Fall",2021,0,"353",18
2021-12-20,"Winter",2022,0,"354",19
2021-12-21,"Winter",2022,0,"355",20
2021-12-22,"Winter",2022,0,"356",21
2021-12-23,"Winter",2022,0,"357",22
2021-12-24,"Winter",2022,0,"358",23
2021-12-25,"Winter",2022,0,"359",24
2021-12-26,"Winter",2022,0,"360",25
2021-12-27,"Winter",2022,0,"361",26
2021-12-28,"Winter",2022,0,"362",27
2021-12-29,"Winter",2022,0,"363",28
2021-12-30,"Winter",2022,0,"364",29
2021-12-31,"Winter",2022,0,"365",30
2022-01-01,"Winter",2022,0,"001",31
2022-01-02,"Winter",2022,0,"002",32
2022-01-03,"Winter",2022,0,"003",33
2022-01-04,"Winter",2022,0,"004",34
2022-01-05,"Winter",2022,0,"005",35
2022-01-06,"Winter",2022,0,"006",36
2022-01-07,"Winter",2022,0,"007",37
2022-01-08,"Winter",2022,0,"008",38
2022-01-09,"Winter",2022,0,"009",39
2022-01-10,"Winter",2022,0,"010",40
2022-01-11,"Winter",2022,1,"011",41
2022-01-12,"Winter",2022,1,"012",42
2022-01-13,"Winter",2022,1,"013",43
2022-01-14,"Winter",2022,0,"014",44
2022-01-15,"Winter",2022,0,"015",45
2022-01-16,"Winter",2022,1,"016",46
2022-01-17,"Winter",2022,1,"017",47
2022-01-18,"Winter",2022,1,"018",48
2022-01-19,"Winter",2022,1,"019",49
2022-01-20,"Winter",2022,1,"020",50
2022-01-21,"Winter",2022,1,"021",51
2022-01-22,"Winter",2022,1,"022",52
2022-01-23,"Winter",2022,1,"023",53
2022-01-24,"Winter",2022,1,"024",54
2022-01-25,"Winter",2022,1,"025",55
2022-01-26,"Winter",2022,1,"026",56
2022-01-27,"Winter",2022,1,"027",57
2022-01-28,"Winter",2022,1,"028",58
2022-01-29,"Winter",2022,1,"029",59
2022-01-30,"Winter",2022,1,"030",60
2022-01-31,"Winter",2022,1,"031",61
2022-02-01,"Winter",2022,1,"032",62
2022-02-02,"Winter",2022,1,"033",63
2022-02-03,"Winter",2022,1,"034",64
2022-02-04,"Winter",2022,1,"035",65
2022-02-05,"Winter",2022,1,"036",66
2022-02-06,"Winter",2022,1,"037",67
2022-02-07,"Winter",2022,1,"038",68
2022-02-08,"Winter",2022,1,"039",69
2022-02-09,"Winter",2022,1,"040",70
2022-02-10,"Winter",2022,0,"041",71
2022-02-11,"Winter",2022,0,"042",72
2022-02-12,"Winter",2022,0,"043",73
2022-02-13,"Winter",2022,0,"044",74
2022-02-14,"Winter",2022,0,"045",75
2022-02-15,"Winter",2022,0,"046",76
2022-02-16,"Winter",2022,0,"047",77
2022-02-17,"Winter",2022,0,"048",78
2022-02-18,"Winter",2022,0,"049",79
2022-02-19,"Winter",2022,0,"050",80
2022-02-20,"Winter",2022,0,"051",81
2022-02-21,"Winter",2022,0,"052",82
2022-02-22,"Winter",2022,0,"053",83
